clean_text,sentiment
sample tweet 0,negative
sample tweet 1,positive
sample tweet 2,positive
sample tweet 3,neutral
sample tweet 4,positive
sample tweet 5,neutral
sample tweet 6,positive
sample tweet 7,negative
sample tweet 8,positive
sample tweet 9,positive
sample tweet 10,positive
sample tweet 11,neutral
sample tweet 12,negative
sample tweet 13,negative
sample tweet 14,positive
sample tweet 15,positive
sample tweet 16,positive
sample tweet 17,negative
sample tweet 18,neutral
sample tweet 19,negative
sample tweet 20,neutral
sample tweet 21,positive
sample tweet 22,positive
sample tweet 23,neutral
sample tweet 24,positive
sample tweet 25,negative
sample tweet 26,positive
sample tweet 27,negative
sample tweet 28,neutral
sample tweet 29,positive
sample tweet 30,negative
sample tweet 31,positive
sample tweet 32,positive
sample tweet 33,neutral
sample tweet 34,positive
sample tweet 35,positive
sample tweet 36,negative
sample tweet 37,neutral
sample tweet 38,positive
sample tweet 39,neutral
sample tweet 40,positive
sample tweet 41,negative
sample tweet 42,positive
sample tweet 43,positive
sample tweet 44,neutral
sample tweet 45,positive
sample tweet 46,positive
sample tweet 47,positive
sample tweet 48,negative
sample tweet 49,negative
sample tweet 50,positive
sample tweet 51,neutral
sample tweet 52,positive
sample tweet 53,positive
sample tweet 54,positive
sample tweet 55,negative
sample tweet 56,positive
sample tweet 57,positive
sample tweet 58,positive
sample tweet 59,positive
sample tweet 60,negative
sample tweet 61,positive
sample tweet 62,positive
sample tweet 63,positive
sample tweet 64,positive
sample tweet 65,positive
sample tweet 66,positive
sample tweet 67,positive
sample tweet 68,neutral
sample tweet 69,positive
sample tweet 70,neutral
sample tweet 71,positive
sample tweet 72,positive
sample tweet 73,positive
sample tweet 74,negative
sample tweet 75,negative
sample tweet 76,neutral
sample tweet 77,positive
sample tweet 78,negative
sample tweet 79,neutral
sample tweet 80,neutral
sample tweet 81,positive
sample tweet 82,negative
sample tweet 83,neutral
sample tweet 84,neutral
sample tweet 85,positive
sample tweet 86,negative
sample tweet 87,positive
sample tweet 88,neutral
sample tweet 89,neutral
sample tweet 90,neutral
sample tweet 91,positive
sample tweet 92,negative
sample tweet 93,positive
sample tweet 94,neutral
sample tweet 95,neutral
sample tweet 96,negative
sample tweet 97,negative
sample tweet 98,negative
sample tweet 99,positive
sample tweet 100,positive
sample tweet 101,positive
sample tweet 102,neutral
sample tweet 103,positive
sample tweet 104,positive
sample tweet 105,negative
sample tweet 106,positive
sample tweet 107,positive
sample tweet 108,positive
sample tweet 109,negative
sample tweet 110,positive
sample tweet 111,positive
sample tweet 112,positive
sample tweet 113,positive
sample tweet 114,negative
sample tweet 115,neutral
sample tweet 116,negative
sample tweet 117,negative
sample tweet 118,negative
sample tweet 119,positive
sample tweet 120,negative
sample tweet 121,positive
sample tweet 122,neutral
sample tweet 123,positive
sample tweet 124,positive
sample tweet 125,neutral
sample tweet 126,negative
sample tweet 127,negative
sample tweet 128,neutral
sample tweet 129,neutral
sample tweet 130,positive
sample tweet 131,negative
sample tweet 132,positive
sample tweet 133,neutral
sample tweet 134,neutral
sample tweet 135,neutral
sample tweet 136,negative
sample tweet 137,positive
sample tweet 138,neutral
sample tweet 139,positive
sample tweet 140,negative
sample tweet 141,neutral
sample tweet 142,negative
sample tweet 143,positive
sample tweet 144,positive
sample tweet 145,positive
sample tweet 146,negative
sample tweet 147,positive
sample tweet 148,negative
sample tweet 149,positive
sample tweet 150,negative
sample tweet 151,neutral
sample tweet 152,neutral
sample tweet 153,positive
sample tweet 154,positive
sample tweet 155,positive
sample tweet 156,positive
sample tweet 157,neutral
sample tweet 158,neutral
sample tweet 159,positive
sample tweet 160,positive
sample tweet 161,negative
sample tweet 162,negative
sample tweet 163,positive
sample tweet 164,neutral
sample tweet 165,positive
sample tweet 166,neutral
sample tweet 167,negative
sample tweet 168,neutral
sample tweet 169,positive
sample tweet 170,negative
sample tweet 171,neutral
sample tweet 172,positive
sample tweet 173,negative
sample tweet 174,positive
sample tweet 175,neutral
sample tweet 176,positive
sample tweet 177,positive
sample tweet 178,negative
sample tweet 179,positive
sample tweet 180,negative
sample tweet 181,positive
sample tweet 182,positive
sample tweet 183,negative
sample tweet 184,negative
sample tweet 185,positive
sample tweet 186,neutral
sample tweet 187,positive
sample tweet 188,neutral
sample tweet 189,neutral
sample tweet 190,neutral
sample tweet 191,positive
sample tweet 192,negative
sample tweet 193,positive
sample tweet 194,negative
sample tweet 195,negative
sample tweet 196,positive
sample tweet 197,positive
sample tweet 198,negative
sample tweet 199,neutral
sample tweet 200,neutral
sample tweet 201,positive
sample tweet 202,positive
sample tweet 203,positive
sample tweet 204,positive
sample tweet 205,negative
sample tweet 206,neutral
sample tweet 207,neutral
sample tweet 208,negative
sample tweet 209,neutral
sample tweet 210,negative
sample tweet 211,positive
sample tweet 212,negative
sample tweet 213,positive
sample tweet 214,positive
sample tweet 215,positive
sample tweet 216,neutral
sample tweet 217,positive
sample tweet 218,neutral
sample tweet 219,neutral
sample tweet 220,neutral
sample tweet 221,positive
sample tweet 222,positive
sample tweet 223,neutral
sample tweet 224,neutral
sample tweet 225,negative
sample tweet 226,positive
sample tweet 227,neutral
sample tweet 228,positive
sample tweet 229,negative
sample tweet 230,positive
sample tweet 231,neutral
sample tweet 232,positive
sample tweet 233,positive
sample tweet 234,positive
sample tweet 235,negative
sample tweet 236,negative
sample tweet 237,neutral
sample tweet 238,negative
sample tweet 239,negative
sample tweet 240,positive
sample tweet 241,positive
sample tweet 242,neutral
sample tweet 243,negative
sample tweet 244,neutral
sample tweet 245,positive
sample tweet 246,positive
sample tweet 247,neutral
sample tweet 248,neutral
sample tweet 249,positive
sample tweet 250,negative
sample tweet 251,neutral
sample tweet 252,neutral
sample tweet 253,positive
sample tweet 254,positive
sample tweet 255,neutral
sample tweet 256,neutral
sample tweet 257,neutral
sample tweet 258,positive
sample tweet 259,positive
sample tweet 260,positive
sample tweet 261,positive
sample tweet 262,positive
sample tweet 263,positive
sample tweet 264,neutral
sample tweet 265,positive
sample tweet 266,negative
sample tweet 267,neutral
sample tweet 268,positive
sample tweet 269,positive
sample tweet 270,positive
sample tweet 271,positive
sample tweet 272,positive
sample tweet 273,positive
sample tweet 274,neutral
sample tweet 275,negative
sample tweet 276,positive
sample tweet 277,positive
sample tweet 278,positive
sample tweet 279,negative
sample tweet 280,positive
sample tweet 281,positive
sample tweet 282,positive
sample tweet 283,negative
sample tweet 284,negative
sample tweet 285,neutral
sample tweet 286,neutral
sample tweet 287,positive
sample tweet 288,positive
sample tweet 289,negative
sample tweet 290,positive
sample tweet 291,positive
sample tweet 292,positive
sample tweet 293,negative
sample tweet 294,neutral
sample tweet 295,neutral
sample tweet 296,positive
sample tweet 297,positive
sample tweet 298,positive
sample tweet 299,positive
sample tweet 300,positive
sample tweet 301,positive
sample tweet 302,positive
sample tweet 303,neutral
sample tweet 304,negative
sample tweet 305,neutral
sample tweet 306,negative
sample tweet 307,positive
sample tweet 308,neutral
sample tweet 309,positive
sample tweet 310,positive
sample tweet 311,neutral
sample tweet 312,negative
sample tweet 313,positive
sample tweet 314,neutral
sample tweet 315,positive
sample tweet 316,positive
sample tweet 317,positive
sample tweet 318,positive
sample tweet 319,neutral
sample tweet 320,positive
sample tweet 321,negative
sample tweet 322,negative
sample tweet 323,positive
sample tweet 324,positive
sample tweet 325,neutral
sample tweet 326,positive
sample tweet 327,negative
sample tweet 328,positive
sample tweet 329,positive
sample tweet 330,positive
sample tweet 331,neutral
sample tweet 332,positive
sample tweet 333,positive
sample tweet 334,positive
sample tweet 335,negative
sample tweet 336,positive
sample tweet 337,positive
sample tweet 338,negative
sample tweet 339,positive
sample tweet 340,positive
sample tweet 341,positive
sample tweet 342,negative
sample tweet 343,positive
sample tweet 344,neutral
sample tweet 345,neutral
sample tweet 346,negative
sample tweet 347,neutral
sample tweet 348,negative
sample tweet 349,positive
sample tweet 350,neutral
sample tweet 351,positive
sample tweet 352,neutral
sample tweet 353,neutral
sample tweet 354,neutral
sample tweet 355,negative
sample tweet 356,neutral
sample tweet 357,neutral
sample tweet 358,positive
sample tweet 359,positive
sample tweet 360,neutral
sample tweet 361,neutral
sample tweet 362,negative
sample tweet 363,neutral
sample tweet 364,neutral
sample tweet 365,negative
sample tweet 366,positive
sample tweet 367,positive
sample tweet 368,positive
sample tweet 369,positive
sample tweet 370,neutral
sample tweet 371,negative
sample tweet 372,neutral
sample tweet 373,negative
sample tweet 374,neutral
sample tweet 375,positive
sample tweet 376,neutral
sample tweet 377,positive
sample tweet 378,negative
sample tweet 379,positive
sample tweet 380,negative
sample tweet 381,negative
sample tweet 382,negative
sample tweet 383,negative
sample tweet 384,positive
sample tweet 385,positive
sample tweet 386,positive
sample tweet 387,positive
sample tweet 388,positive
sample tweet 389,negative
sample tweet 390,neutral
sample tweet 391,negative
sample tweet 392,positive
sample tweet 393,positive
sample tweet 394,positive
sample tweet 395,negative
sample tweet 396,neutral
sample tweet 397,negative
sample tweet 398,positive
sample tweet 399,positive
sample tweet 400,neutral
sample tweet 401,neutral
sample tweet 402,positive
sample tweet 403,neutral
sample tweet 404,negative
sample tweet 405,positive
sample tweet 406,negative
sample tweet 407,neutral
sample tweet 408,neutral
sample tweet 409,neutral
sample tweet 410,negative
sample tweet 411,positive
sample tweet 412,positive
sample tweet 413,neutral
sample tweet 414,neutral
sample tweet 415,positive
sample tweet 416,positive
sample tweet 417,neutral
sample tweet 418,negative
sample tweet 419,negative
sample tweet 420,positive
sample tweet 421,positive
sample tweet 422,positive
sample tweet 423,negative
sample tweet 424,positive
sample tweet 425,positive
sample tweet 426,neutral
sample tweet 427,negative
sample tweet 428,negative
sample tweet 429,neutral
sample tweet 430,negative
sample tweet 431,positive
sample tweet 432,negative
sample tweet 433,negative
sample tweet 434,neutral
sample tweet 435,positive
sample tweet 436,positive
sample tweet 437,negative
sample tweet 438,positive
sample tweet 439,positive
sample tweet 440,neutral
sample tweet 441,positive
sample tweet 442,negative
sample tweet 443,positive
sample tweet 444,negative
sample tweet 445,negative
sample tweet 446,negative
sample tweet 447,positive
sample tweet 448,negative
sample tweet 449,negative
sample tweet 450,negative
sample tweet 451,neutral
sample tweet 452,positive
sample tweet 453,neutral
sample tweet 454,positive
sample tweet 455,positive
sample tweet 456,positive
sample tweet 457,negative
sample tweet 458,neutral
sample tweet 459,negative
sample tweet 460,positive
sample tweet 461,positive
sample tweet 462,negative
sample tweet 463,positive
sample tweet 464,neutral
sample tweet 465,positive
sample tweet 466,neutral
sample tweet 467,positive
sample tweet 468,positive
sample tweet 469,neutral
sample tweet 470,negative
sample tweet 471,positive
sample tweet 472,negative
sample tweet 473,positive
sample tweet 474,positive
sample tweet 475,neutral
sample tweet 476,positive
sample tweet 477,negative
sample tweet 478,positive
sample tweet 479,negative
sample tweet 480,negative
sample tweet 481,positive
sample tweet 482,negative
sample tweet 483,positive
sample tweet 484,positive
sample tweet 485,positive
sample tweet 486,negative
sample tweet 487,neutral
sample tweet 488,negative
sample tweet 489,positive
sample tweet 490,positive
sample tweet 491,neutral
sample tweet 492,positive
sample tweet 493,positive
sample tweet 494,positive
sample tweet 495,negative
sample tweet 496,positive
sample tweet 497,positive
sample tweet 498,neutral
sample tweet 499,neutral
sample tweet 500,positive
sample tweet 501,neutral
sample tweet 502,positive
sample tweet 503,positive
sample tweet 504,positive
sample tweet 505,neutral
sample tweet 506,neutral
sample tweet 507,negative
sample tweet 508,positive
sample tweet 509,positive
sample tweet 510,negative
sample tweet 511,positive
sample tweet 512,neutral
sample tweet 513,negative
sample tweet 514,positive
sample tweet 515,neutral
sample tweet 516,positive
sample tweet 517,negative
sample tweet 518,positive
sample tweet 519,neutral
sample tweet 520,positive
sample tweet 521,positive
sample tweet 522,neutral
sample tweet 523,neutral
sample tweet 524,neutral
sample tweet 525,positive
sample tweet 526,positive
sample tweet 527,neutral
sample tweet 528,positive
sample tweet 529,negative
sample tweet 530,negative
sample tweet 531,neutral
sample tweet 532,neutral
sample tweet 533,positive
sample tweet 534,neutral
sample tweet 535,neutral
sample tweet 536,positive
sample tweet 537,positive
sample tweet 538,positive
sample tweet 539,positive
sample tweet 540,neutral
sample tweet 541,negative
sample tweet 542,positive
sample tweet 543,positive
sample tweet 544,neutral
sample tweet 545,negative
sample tweet 546,neutral
sample tweet 547,positive
sample tweet 548,positive
sample tweet 549,positive
sample tweet 550,positive
sample tweet 551,negative
sample tweet 552,positive
sample tweet 553,neutral
sample tweet 554,positive
sample tweet 555,negative
sample tweet 556,positive
sample tweet 557,neutral
sample tweet 558,positive
sample tweet 559,negative
sample tweet 560,negative
sample tweet 561,positive
sample tweet 562,negative
sample tweet 563,positive
sample tweet 564,negative
sample tweet 565,negative
sample tweet 566,positive
sample tweet 567,negative
sample tweet 568,positive
sample tweet 569,positive
sample tweet 570,negative
sample tweet 571,negative
sample tweet 572,positive
sample tweet 573,neutral
sample tweet 574,negative
sample tweet 575,positive
sample tweet 576,neutral
sample tweet 577,neutral
sample tweet 578,negative
sample tweet 579,positive
sample tweet 580,positive
sample tweet 581,positive
sample tweet 582,neutral
sample tweet 583,neutral
sample tweet 584,positive
sample tweet 585,positive
sample tweet 586,neutral
sample tweet 587,negative
sample tweet 588,neutral
sample tweet 589,negative
sample tweet 590,neutral
sample tweet 591,negative
sample tweet 592,neutral
sample tweet 593,neutral
sample tweet 594,positive
sample tweet 595,neutral
sample tweet 596,neutral
sample tweet 597,positive
sample tweet 598,positive
sample tweet 599,neutral
sample tweet 600,neutral
sample tweet 601,positive
sample tweet 602,neutral
sample tweet 603,positive
sample tweet 604,negative
sample tweet 605,positive
sample tweet 606,neutral
sample tweet 607,neutral
sample tweet 608,neutral
sample tweet 609,positive
sample tweet 610,neutral
sample tweet 611,negative
sample tweet 612,neutral
sample tweet 613,positive
sample tweet 614,negative
sample tweet 615,positive
sample tweet 616,neutral
sample tweet 617,positive
sample tweet 618,positive
sample tweet 619,negative
sample tweet 620,positive
sample tweet 621,negative
sample tweet 622,negative
sample tweet 623,positive
sample tweet 624,negative
sample tweet 625,neutral
sample tweet 626,positive
sample tweet 627,negative
sample tweet 628,positive
sample tweet 629,positive
sample tweet 630,positive
sample tweet 631,negative
sample tweet 632,negative
sample tweet 633,negative
sample tweet 634,neutral
sample tweet 635,negative
sample tweet 636,positive
sample tweet 637,positive
sample tweet 638,neutral
sample tweet 639,negative
sample tweet 640,negative
sample tweet 641,neutral
sample tweet 642,negative
sample tweet 643,negative
sample tweet 644,positive
sample tweet 645,positive
sample tweet 646,positive
sample tweet 647,negative
sample tweet 648,negative
sample tweet 649,negative
sample tweet 650,negative
sample tweet 651,negative
sample tweet 652,neutral
sample tweet 653,positive
sample tweet 654,positive
sample tweet 655,positive
sample tweet 656,neutral
sample tweet 657,positive
sample tweet 658,positive
sample tweet 659,negative
sample tweet 660,negative
sample tweet 661,positive
sample tweet 662,positive
sample tweet 663,positive
sample tweet 664,neutral
sample tweet 665,neutral
sample tweet 666,positive
sample tweet 667,neutral
sample tweet 668,positive
sample tweet 669,negative
sample tweet 670,negative
sample tweet 671,neutral
sample tweet 672,positive
sample tweet 673,positive
sample tweet 674,positive
sample tweet 675,positive
sample tweet 676,neutral
sample tweet 677,positive
sample tweet 678,negative
sample tweet 679,neutral
sample tweet 680,negative
sample tweet 681,neutral
sample tweet 682,negative
sample tweet 683,neutral
sample tweet 684,neutral
sample tweet 685,positive
sample tweet 686,positive
sample tweet 687,positive
sample tweet 688,negative
sample tweet 689,positive
sample tweet 690,positive
sample tweet 691,positive
sample tweet 692,positive
sample tweet 693,neutral
sample tweet 694,positive
sample tweet 695,positive
sample tweet 696,positive
sample tweet 697,positive
sample tweet 698,positive
sample tweet 699,positive
sample tweet 700,negative
sample tweet 701,neutral
sample tweet 702,negative
sample tweet 703,positive
sample tweet 704,negative
sample tweet 705,negative
sample tweet 706,negative
sample tweet 707,positive
sample tweet 708,neutral
sample tweet 709,positive
sample tweet 710,negative
sample tweet 711,neutral
sample tweet 712,neutral
sample tweet 713,positive
sample tweet 714,negative
sample tweet 715,neutral
sample tweet 716,neutral
sample tweet 717,neutral
sample tweet 718,neutral
sample tweet 719,positive
sample tweet 720,neutral
sample tweet 721,neutral
sample tweet 722,neutral
sample tweet 723,positive
sample tweet 724,positive
sample tweet 725,positive
sample tweet 726,positive
sample tweet 727,positive
sample tweet 728,positive
sample tweet 729,positive
sample tweet 730,positive
sample tweet 731,neutral
sample tweet 732,neutral
sample tweet 733,neutral
sample tweet 734,neutral
sample tweet 735,positive
sample tweet 736,negative
sample tweet 737,positive
sample tweet 738,positive
sample tweet 739,positive
sample tweet 740,negative
sample tweet 741,neutral
sample tweet 742,negative
sample tweet 743,negative
sample tweet 744,negative
sample tweet 745,positive
sample tweet 746,negative
sample tweet 747,neutral
sample tweet 748,positive
sample tweet 749,negative
sample tweet 750,neutral
sample tweet 751,positive
sample tweet 752,neutral
sample tweet 753,negative
sample tweet 754,neutral
sample tweet 755,positive
sample tweet 756,positive
sample tweet 757,positive
sample tweet 758,negative
sample tweet 759,positive
sample tweet 760,neutral
sample tweet 761,neutral
sample tweet 762,negative
sample tweet 763,positive
sample tweet 764,neutral
sample tweet 765,negative
sample tweet 766,negative
sample tweet 767,negative
sample tweet 768,negative
sample tweet 769,positive
sample tweet 770,negative
sample tweet 771,negative
sample tweet 772,positive
sample tweet 773,neutral
sample tweet 774,negative
sample tweet 775,positive
sample tweet 776,positive
sample tweet 777,positive
sample tweet 778,negative
sample tweet 779,neutral
sample tweet 780,positive
sample tweet 781,negative
sample tweet 782,positive
sample tweet 783,negative
sample tweet 784,positive
sample tweet 785,neutral
sample tweet 786,positive
sample tweet 787,positive
sample tweet 788,neutral
sample tweet 789,positive
sample tweet 790,neutral
sample tweet 791,positive
sample tweet 792,neutral
sample tweet 793,negative
sample tweet 794,neutral
sample tweet 795,positive
sample tweet 796,positive
sample tweet 797,positive
sample tweet 798,negative
sample tweet 799,positive
sample tweet 800,neutral
sample tweet 801,positive
sample tweet 802,positive
sample tweet 803,negative
sample tweet 804,positive
sample tweet 805,positive
sample tweet 806,negative
sample tweet 807,positive
sample tweet 808,positive
sample tweet 809,positive
sample tweet 810,positive
sample tweet 811,positive
sample tweet 812,neutral
sample tweet 813,negative
sample tweet 814,neutral
sample tweet 815,positive
sample tweet 816,neutral
sample tweet 817,neutral
sample tweet 818,positive
sample tweet 819,neutral
sample tweet 820,positive
sample tweet 821,neutral
sample tweet 822,positive
sample tweet 823,positive
sample tweet 824,positive
sample tweet 825,neutral
sample tweet 826,neutral
sample tweet 827,positive
sample tweet 828,positive
sample tweet 829,negative
sample tweet 830,negative
sample tweet 831,neutral
sample tweet 832,positive
sample tweet 833,positive
sample tweet 834,positive
sample tweet 835,positive
sample tweet 836,positive
sample tweet 837,positive
sample tweet 838,positive
sample tweet 839,positive
sample tweet 840,positive
sample tweet 841,positive
sample tweet 842,neutral
sample tweet 843,negative
sample tweet 844,neutral
sample tweet 845,neutral
sample tweet 846,neutral
sample tweet 847,positive
sample tweet 848,negative
sample tweet 849,positive
sample tweet 850,positive
sample tweet 851,positive
sample tweet 852,positive
sample tweet 853,positive
sample tweet 854,negative
sample tweet 855,positive
sample tweet 856,negative
sample tweet 857,neutral
sample tweet 858,negative
sample tweet 859,positive
sample tweet 860,negative
sample tweet 861,positive
sample tweet 862,negative
sample tweet 863,positive
sample tweet 864,negative
sample tweet 865,neutral
sample tweet 866,neutral
sample tweet 867,positive
sample tweet 868,positive
sample tweet 869,positive
sample tweet 870,positive
sample tweet 871,positive
sample tweet 872,positive
sample tweet 873,neutral
sample tweet 874,negative
sample tweet 875,negative
sample tweet 876,neutral
sample tweet 877,neutral
sample tweet 878,positive
sample tweet 879,positive
sample tweet 880,positive
sample tweet 881,negative
sample tweet 882,positive
sample tweet 883,positive
sample tweet 884,positive
sample tweet 885,positive
sample tweet 886,positive
sample tweet 887,neutral
sample tweet 888,negative
sample tweet 889,neutral
sample tweet 890,neutral
sample tweet 891,positive
sample tweet 892,positive
sample tweet 893,positive
sample tweet 894,positive
sample tweet 895,negative
sample tweet 896,negative
sample tweet 897,negative
sample tweet 898,positive
sample tweet 899,positive
sample tweet 900,positive
sample tweet 901,positive
sample tweet 902,positive
sample tweet 903,neutral
sample tweet 904,positive
sample tweet 905,positive
sample tweet 906,positive
sample tweet 907,neutral
sample tweet 908,neutral
sample tweet 909,neutral
sample tweet 910,neutral
sample tweet 911,neutral
sample tweet 912,positive
sample tweet 913,positive
sample tweet 914,negative
sample tweet 915,positive
sample tweet 916,positive
sample tweet 917,positive
sample tweet 918,negative
sample tweet 919,positive
sample tweet 920,positive
sample tweet 921,negative
sample tweet 922,negative
sample tweet 923,positive
sample tweet 924,neutral
sample tweet 925,positive
sample tweet 926,positive
sample tweet 927,negative
sample tweet 928,positive
sample tweet 929,positive
sample tweet 930,negative
sample tweet 931,negative
sample tweet 932,positive
sample tweet 933,positive
sample tweet 934,positive
sample tweet 935,negative
sample tweet 936,positive
sample tweet 937,positive
sample tweet 938,negative
sample tweet 939,negative
sample tweet 940,positive
sample tweet 941,positive
sample tweet 942,negative
sample tweet 943,neutral
sample tweet 944,positive
sample tweet 945,negative
sample tweet 946,positive
sample tweet 947,neutral
sample tweet 948,negative
sample tweet 949,negative
sample tweet 950,negative
sample tweet 951,negative
sample tweet 952,positive
sample tweet 953,negative
sample tweet 954,positive
sample tweet 955,neutral
sample tweet 956,neutral
sample tweet 957,negative
sample tweet 958,positive
sample tweet 959,negative
sample tweet 960,positive
sample tweet 961,negative
sample tweet 962,neutral
sample tweet 963,positive
sample tweet 964,positive
sample tweet 965,positive
sample tweet 966,neutral
sample tweet 967,negative
sample tweet 968,positive
sample tweet 969,neutral
sample tweet 970,neutral
sample tweet 971,positive
sample tweet 972,negative
sample tweet 973,positive
sample tweet 974,neutral
sample tweet 975,neutral
sample tweet 976,neutral
sample tweet 977,negative
sample tweet 978,positive
sample tweet 979,negative
sample tweet 980,neutral
sample tweet 981,positive
sample tweet 982,positive
sample tweet 983,positive
sample tweet 984,neutral
sample tweet 985,negative
sample tweet 986,negative
sample tweet 987,neutral
sample tweet 988,positive
sample tweet 989,positive
sample tweet 990,positive
sample tweet 991,positive
sample tweet 992,negative
sample tweet 993,neutral
sample tweet 994,negative
sample tweet 995,positive
sample tweet 996,negative
sample tweet 997,negative
sample tweet 998,positive
sample tweet 999,positive
sample tweet 1000,positive
sample tweet 1001,negative
sample tweet 1002,negative
sample tweet 1003,positive
sample tweet 1004,neutral
sample tweet 1005,positive
sample tweet 1006,neutral
sample tweet 1007,positive
sample tweet 1008,negative
sample tweet 1009,negative
sample tweet 1010,negative
sample tweet 1011,negative
sample tweet 1012,positive
sample tweet 1013,positive
sample tweet 1014,positive
sample tweet 1015,negative
sample tweet 1016,neutral
sample tweet 1017,positive
sample tweet 1018,negative
sample tweet 1019,negative
sample tweet 1020,negative
sample tweet 1021,positive
sample tweet 1022,positive
sample tweet 1023,negative
sample tweet 1024,positive
sample tweet 1025,positive
sample tweet 1026,neutral
sample tweet 1027,negative
sample tweet 1028,negative
sample tweet 1029,positive
sample tweet 1030,positive
sample tweet 1031,neutral
sample tweet 1032,neutral
sample tweet 1033,neutral
sample tweet 1034,negative
sample tweet 1035,negative
sample tweet 1036,neutral
sample tweet 1037,negative
sample tweet 1038,negative
sample tweet 1039,positive
sample tweet 1040,negative
sample tweet 1041,negative
sample tweet 1042,positive
sample tweet 1043,positive
sample tweet 1044,positive
sample tweet 1045,neutral
sample tweet 1046,positive
sample tweet 1047,negative
sample tweet 1048,positive
sample tweet 1049,negative
sample tweet 1050,negative
sample tweet 1051,neutral
sample tweet 1052,positive
sample tweet 1053,positive
sample tweet 1054,positive
sample tweet 1055,negative
sample tweet 1056,neutral
sample tweet 1057,neutral
sample tweet 1058,positive
sample tweet 1059,positive
sample tweet 1060,positive
sample tweet 1061,negative
sample tweet 1062,negative
sample tweet 1063,negative
sample tweet 1064,positive
sample tweet 1065,positive
sample tweet 1066,positive
sample tweet 1067,negative
sample tweet 1068,positive
sample tweet 1069,positive
sample tweet 1070,positive
sample tweet 1071,positive
sample tweet 1072,negative
sample tweet 1073,neutral
sample tweet 1074,positive
sample tweet 1075,negative
sample tweet 1076,positive
sample tweet 1077,positive
sample tweet 1078,neutral
sample tweet 1079,positive
sample tweet 1080,positive
sample tweet 1081,positive
sample tweet 1082,positive
sample tweet 1083,neutral
sample tweet 1084,neutral
sample tweet 1085,negative
sample tweet 1086,negative
sample tweet 1087,neutral
sample tweet 1088,positive
sample tweet 1089,positive
sample tweet 1090,positive
sample tweet 1091,positive
sample tweet 1092,positive
sample tweet 1093,negative
sample tweet 1094,negative
sample tweet 1095,neutral
sample tweet 1096,neutral
sample tweet 1097,neutral
sample tweet 1098,positive
sample tweet 1099,negative
sample tweet 1100,positive
sample tweet 1101,positive
sample tweet 1102,negative
sample tweet 1103,positive
sample tweet 1104,positive
sample tweet 1105,positive
sample tweet 1106,positive
sample tweet 1107,negative
sample tweet 1108,neutral
sample tweet 1109,negative
sample tweet 1110,negative
sample tweet 1111,neutral
sample tweet 1112,positive
sample tweet 1113,neutral
sample tweet 1114,negative
sample tweet 1115,positive
sample tweet 1116,positive
sample tweet 1117,positive
sample tweet 1118,positive
sample tweet 1119,neutral
sample tweet 1120,positive
sample tweet 1121,positive
sample tweet 1122,positive
sample tweet 1123,neutral
sample tweet 1124,neutral
sample tweet 1125,positive
sample tweet 1126,negative
sample tweet 1127,negative
sample tweet 1128,positive
sample tweet 1129,neutral
sample tweet 1130,negative
sample tweet 1131,positive
sample tweet 1132,positive
sample tweet 1133,positive
sample tweet 1134,positive
sample tweet 1135,negative
sample tweet 1136,neutral
sample tweet 1137,positive
sample tweet 1138,negative
sample tweet 1139,positive
sample tweet 1140,neutral
sample tweet 1141,positive
sample tweet 1142,neutral
sample tweet 1143,positive
sample tweet 1144,neutral
sample tweet 1145,positive
sample tweet 1146,positive
sample tweet 1147,neutral
sample tweet 1148,negative
sample tweet 1149,positive
sample tweet 1150,positive
sample tweet 1151,neutral
sample tweet 1152,neutral
sample tweet 1153,positive
sample tweet 1154,neutral
sample tweet 1155,neutral
sample tweet 1156,neutral
sample tweet 1157,neutral
sample tweet 1158,neutral
sample tweet 1159,positive
sample tweet 1160,positive
sample tweet 1161,negative
sample tweet 1162,negative
sample tweet 1163,neutral
sample tweet 1164,neutral
sample tweet 1165,positive
sample tweet 1166,positive
sample tweet 1167,positive
sample tweet 1168,positive
sample tweet 1169,neutral
sample tweet 1170,positive
sample tweet 1171,negative
sample tweet 1172,negative
sample tweet 1173,neutral
sample tweet 1174,neutral
sample tweet 1175,positive
sample tweet 1176,positive
sample tweet 1177,positive
sample tweet 1178,positive
sample tweet 1179,negative
sample tweet 1180,neutral
sample tweet 1181,negative
sample tweet 1182,neutral
sample tweet 1183,negative
sample tweet 1184,positive
sample tweet 1185,neutral
sample tweet 1186,positive
sample tweet 1187,positive
sample tweet 1188,positive
sample tweet 1189,positive
sample tweet 1190,positive
sample tweet 1191,neutral
sample tweet 1192,positive
sample tweet 1193,positive
sample tweet 1194,negative
sample tweet 1195,neutral
sample tweet 1196,neutral
sample tweet 1197,positive
sample tweet 1198,positive
sample tweet 1199,negative
sample tweet 1200,positive
sample tweet 1201,positive
sample tweet 1202,negative
sample tweet 1203,negative
sample tweet 1204,neutral
sample tweet 1205,neutral
sample tweet 1206,positive
sample tweet 1207,positive
sample tweet 1208,neutral
sample tweet 1209,positive
sample tweet 1210,positive
sample tweet 1211,positive
sample tweet 1212,positive
sample tweet 1213,neutral
sample tweet 1214,negative
sample tweet 1215,positive
sample tweet 1216,neutral
sample tweet 1217,positive
sample tweet 1218,positive
sample tweet 1219,positive
sample tweet 1220,positive
sample tweet 1221,negative
sample tweet 1222,positive
sample tweet 1223,negative
sample tweet 1224,positive
sample tweet 1225,neutral
sample tweet 1226,positive
sample tweet 1227,neutral
sample tweet 1228,negative
sample tweet 1229,neutral
sample tweet 1230,positive
sample tweet 1231,negative
sample tweet 1232,positive
sample tweet 1233,neutral
sample tweet 1234,negative
sample tweet 1235,neutral
sample tweet 1236,negative
sample tweet 1237,negative
sample tweet 1238,positive
sample tweet 1239,positive
sample tweet 1240,positive
sample tweet 1241,negative
sample tweet 1242,positive
sample tweet 1243,positive
sample tweet 1244,positive
sample tweet 1245,negative
sample tweet 1246,positive
sample tweet 1247,negative
sample tweet 1248,neutral
sample tweet 1249,neutral
sample tweet 1250,negative
sample tweet 1251,negative
sample tweet 1252,positive
sample tweet 1253,neutral
sample tweet 1254,positive
sample tweet 1255,positive
sample tweet 1256,neutral
sample tweet 1257,positive
sample tweet 1258,negative
sample tweet 1259,neutral
sample tweet 1260,positive
sample tweet 1261,positive
sample tweet 1262,positive
sample tweet 1263,positive
sample tweet 1264,positive
sample tweet 1265,neutral
sample tweet 1266,neutral
sample tweet 1267,positive
sample tweet 1268,positive
sample tweet 1269,negative
sample tweet 1270,positive
sample tweet 1271,negative
sample tweet 1272,neutral
sample tweet 1273,neutral
sample tweet 1274,neutral
sample tweet 1275,neutral
sample tweet 1276,negative
sample tweet 1277,positive
sample tweet 1278,neutral
sample tweet 1279,negative
sample tweet 1280,negative
sample tweet 1281,positive
sample tweet 1282,positive
sample tweet 1283,positive
sample tweet 1284,negative
sample tweet 1285,neutral
sample tweet 1286,neutral
sample tweet 1287,positive
sample tweet 1288,neutral
sample tweet 1289,neutral
sample tweet 1290,negative
sample tweet 1291,positive
sample tweet 1292,positive
sample tweet 1293,positive
sample tweet 1294,positive
sample tweet 1295,neutral
sample tweet 1296,positive
sample tweet 1297,positive
sample tweet 1298,positive
sample tweet 1299,positive
sample tweet 1300,positive
sample tweet 1301,neutral
sample tweet 1302,positive
sample tweet 1303,neutral
sample tweet 1304,positive
sample tweet 1305,positive
sample tweet 1306,negative
sample tweet 1307,neutral
sample tweet 1308,negative
sample tweet 1309,neutral
sample tweet 1310,negative
sample tweet 1311,positive
sample tweet 1312,positive
sample tweet 1313,positive
sample tweet 1314,positive
sample tweet 1315,negative
sample tweet 1316,negative
sample tweet 1317,negative
sample tweet 1318,positive
sample tweet 1319,positive
sample tweet 1320,positive
sample tweet 1321,negative
sample tweet 1322,positive
sample tweet 1323,negative
sample tweet 1324,positive
sample tweet 1325,negative
sample tweet 1326,positive
sample tweet 1327,positive
sample tweet 1328,negative
sample tweet 1329,negative
sample tweet 1330,positive
sample tweet 1331,neutral
sample tweet 1332,neutral
sample tweet 1333,positive
sample tweet 1334,neutral
sample tweet 1335,positive
sample tweet 1336,positive
sample tweet 1337,neutral
sample tweet 1338,positive
sample tweet 1339,positive
sample tweet 1340,neutral
sample tweet 1341,negative
sample tweet 1342,neutral
sample tweet 1343,positive
sample tweet 1344,positive
sample tweet 1345,negative
sample tweet 1346,positive
sample tweet 1347,negative
sample tweet 1348,negative
sample tweet 1349,positive
sample tweet 1350,negative
sample tweet 1351,positive
sample tweet 1352,positive
sample tweet 1353,positive
sample tweet 1354,negative
sample tweet 1355,neutral
sample tweet 1356,negative
sample tweet 1357,positive
sample tweet 1358,positive
sample tweet 1359,positive
sample tweet 1360,positive
sample tweet 1361,positive
sample tweet 1362,positive
sample tweet 1363,positive
sample tweet 1364,neutral
sample tweet 1365,positive
sample tweet 1366,neutral
sample tweet 1367,negative
sample tweet 1368,neutral
sample tweet 1369,positive
sample tweet 1370,positive
sample tweet 1371,neutral
sample tweet 1372,positive
sample tweet 1373,neutral
sample tweet 1374,positive
sample tweet 1375,negative
sample tweet 1376,neutral
sample tweet 1377,positive
sample tweet 1378,neutral
sample tweet 1379,positive
sample tweet 1380,negative
sample tweet 1381,positive
sample tweet 1382,neutral
sample tweet 1383,positive
sample tweet 1384,negative
sample tweet 1385,positive
sample tweet 1386,positive
sample tweet 1387,negative
sample tweet 1388,positive
sample tweet 1389,negative
sample tweet 1390,positive
sample tweet 1391,positive
sample tweet 1392,positive
sample tweet 1393,negative
sample tweet 1394,positive
sample tweet 1395,positive
sample tweet 1396,neutral
sample tweet 1397,positive
sample tweet 1398,neutral
sample tweet 1399,positive
sample tweet 1400,negative
sample tweet 1401,positive
sample tweet 1402,neutral
sample tweet 1403,positive
sample tweet 1404,positive
sample tweet 1405,positive
sample tweet 1406,positive
sample tweet 1407,neutral
sample tweet 1408,neutral
sample tweet 1409,negative
sample tweet 1410,neutral
sample tweet 1411,neutral
sample tweet 1412,positive
sample tweet 1413,positive
sample tweet 1414,positive
sample tweet 1415,positive
sample tweet 1416,positive
sample tweet 1417,neutral
sample tweet 1418,neutral
sample tweet 1419,negative
sample tweet 1420,neutral
sample tweet 1421,positive
sample tweet 1422,positive
sample tweet 1423,positive
sample tweet 1424,positive
sample tweet 1425,positive
sample tweet 1426,neutral
sample tweet 1427,negative
sample tweet 1428,negative
sample tweet 1429,negative
sample tweet 1430,positive
sample tweet 1431,positive
sample tweet 1432,negative
sample tweet 1433,neutral
sample tweet 1434,positive
sample tweet 1435,neutral
sample tweet 1436,neutral
sample tweet 1437,positive
sample tweet 1438,neutral
sample tweet 1439,negative
sample tweet 1440,neutral
sample tweet 1441,neutral
sample tweet 1442,positive
sample tweet 1443,positive
sample tweet 1444,positive
sample tweet 1445,positive
sample tweet 1446,positive
sample tweet 1447,neutral
sample tweet 1448,negative
sample tweet 1449,positive
sample tweet 1450,positive
sample tweet 1451,negative
sample tweet 1452,positive
sample tweet 1453,neutral
sample tweet 1454,positive
sample tweet 1455,neutral
sample tweet 1456,neutral
sample tweet 1457,positive
sample tweet 1458,positive
sample tweet 1459,neutral
sample tweet 1460,positive
sample tweet 1461,neutral
sample tweet 1462,neutral
sample tweet 1463,negative
sample tweet 1464,negative
sample tweet 1465,positive
sample tweet 1466,neutral
sample tweet 1467,negative
sample tweet 1468,neutral
sample tweet 1469,neutral
sample tweet 1470,positive
sample tweet 1471,positive
sample tweet 1472,neutral
sample tweet 1473,neutral
sample tweet 1474,negative
sample tweet 1475,positive
sample tweet 1476,positive
sample tweet 1477,positive
sample tweet 1478,positive
sample tweet 1479,positive
sample tweet 1480,neutral
sample tweet 1481,positive
sample tweet 1482,positive
sample tweet 1483,neutral
sample tweet 1484,neutral
sample tweet 1485,positive
sample tweet 1486,positive
sample tweet 1487,positive
sample tweet 1488,neutral
sample tweet 1489,positive
sample tweet 1490,neutral
sample tweet 1491,neutral
sample tweet 1492,neutral
sample tweet 1493,positive
sample tweet 1494,positive
sample tweet 1495,neutral
sample tweet 1496,neutral
sample tweet 1497,positive
sample tweet 1498,positive
sample tweet 1499,negative
sample tweet 1500,neutral
sample tweet 1501,neutral
sample tweet 1502,negative
sample tweet 1503,positive
sample tweet 1504,positive
sample tweet 1505,neutral
sample tweet 1506,positive
sample tweet 1507,neutral
sample tweet 1508,positive
sample tweet 1509,positive
sample tweet 1510,negative
sample tweet 1511,negative
sample tweet 1512,negative
sample tweet 1513,neutral
sample tweet 1514,positive
sample tweet 1515,neutral
sample tweet 1516,positive
sample tweet 1517,negative
sample tweet 1518,neutral
sample tweet 1519,positive
sample tweet 1520,neutral
sample tweet 1521,positive
sample tweet 1522,positive
sample tweet 1523,positive
sample tweet 1524,neutral
sample tweet 1525,positive
sample tweet 1526,positive
sample tweet 1527,positive
sample tweet 1528,neutral
sample tweet 1529,positive
sample tweet 1530,positive
sample tweet 1531,positive
sample tweet 1532,positive
sample tweet 1533,positive
sample tweet 1534,positive
sample tweet 1535,positive
sample tweet 1536,negative
sample tweet 1537,neutral
sample tweet 1538,negative
sample tweet 1539,positive
sample tweet 1540,neutral
sample tweet 1541,positive
sample tweet 1542,neutral
sample tweet 1543,positive
sample tweet 1544,positive
sample tweet 1545,positive
sample tweet 1546,positive
sample tweet 1547,neutral
sample tweet 1548,neutral
sample tweet 1549,neutral
sample tweet 1550,positive
sample tweet 1551,neutral
sample tweet 1552,positive
sample tweet 1553,positive
sample tweet 1554,neutral
sample tweet 1555,negative
sample tweet 1556,positive
sample tweet 1557,negative
sample tweet 1558,positive
sample tweet 1559,positive
sample tweet 1560,positive
sample tweet 1561,negative
sample tweet 1562,negative
sample tweet 1563,negative
sample tweet 1564,positive
sample tweet 1565,neutral
sample tweet 1566,neutral
sample tweet 1567,positive
sample tweet 1568,positive
sample tweet 1569,positive
sample tweet 1570,negative
sample tweet 1571,negative
sample tweet 1572,neutral
sample tweet 1573,positive
sample tweet 1574,positive
sample tweet 1575,neutral
sample tweet 1576,negative
sample tweet 1577,positive
sample tweet 1578,negative
sample tweet 1579,positive
sample tweet 1580,neutral
sample tweet 1581,positive
sample tweet 1582,positive
sample tweet 1583,negative
sample tweet 1584,neutral
sample tweet 1585,negative
sample tweet 1586,neutral
sample tweet 1587,neutral
sample tweet 1588,neutral
sample tweet 1589,positive
sample tweet 1590,positive
sample tweet 1591,negative
sample tweet 1592,positive
sample tweet 1593,positive
sample tweet 1594,neutral
sample tweet 1595,negative
sample tweet 1596,neutral
sample tweet 1597,negative
sample tweet 1598,positive
sample tweet 1599,neutral
sample tweet 1600,positive
sample tweet 1601,neutral
sample tweet 1602,neutral
sample tweet 1603,negative
sample tweet 1604,positive
sample tweet 1605,negative
sample tweet 1606,positive
sample tweet 1607,negative
sample tweet 1608,positive
sample tweet 1609,neutral
sample tweet 1610,neutral
sample tweet 1611,positive
sample tweet 1612,negative
sample tweet 1613,negative
sample tweet 1614,neutral
sample tweet 1615,neutral
sample tweet 1616,negative
sample tweet 1617,positive
sample tweet 1618,neutral
sample tweet 1619,neutral
sample tweet 1620,positive
sample tweet 1621,neutral
sample tweet 1622,positive
sample tweet 1623,positive
sample tweet 1624,negative
sample tweet 1625,positive
sample tweet 1626,negative
sample tweet 1627,neutral
sample tweet 1628,neutral
sample tweet 1629,neutral
sample tweet 1630,negative
sample tweet 1631,negative
sample tweet 1632,neutral
sample tweet 1633,positive
sample tweet 1634,negative
sample tweet 1635,neutral
sample tweet 1636,positive
sample tweet 1637,positive
sample tweet 1638,positive
sample tweet 1639,neutral
sample tweet 1640,positive
sample tweet 1641,positive
sample tweet 1642,positive
sample tweet 1643,negative
sample tweet 1644,negative
sample tweet 1645,positive
sample tweet 1646,negative
sample tweet 1647,negative
sample tweet 1648,positive
sample tweet 1649,negative
sample tweet 1650,negative
sample tweet 1651,positive
sample tweet 1652,neutral
sample tweet 1653,positive
sample tweet 1654,neutral
sample tweet 1655,positive
sample tweet 1656,negative
sample tweet 1657,negative
sample tweet 1658,neutral
sample tweet 1659,negative
sample tweet 1660,neutral
sample tweet 1661,neutral
sample tweet 1662,negative
sample tweet 1663,positive
sample tweet 1664,positive
sample tweet 1665,negative
sample tweet 1666,positive
sample tweet 1667,negative
sample tweet 1668,neutral
sample tweet 1669,neutral
sample tweet 1670,positive
sample tweet 1671,positive
sample tweet 1672,positive
sample tweet 1673,negative
sample tweet 1674,neutral
sample tweet 1675,negative
sample tweet 1676,positive
sample tweet 1677,positive
sample tweet 1678,positive
sample tweet 1679,positive
sample tweet 1680,positive
sample tweet 1681,positive
sample tweet 1682,neutral
sample tweet 1683,neutral
sample tweet 1684,neutral
sample tweet 1685,positive
sample tweet 1686,neutral
sample tweet 1687,positive
sample tweet 1688,positive
sample tweet 1689,positive
sample tweet 1690,positive
sample tweet 1691,positive
sample tweet 1692,positive
sample tweet 1693,negative
sample tweet 1694,neutral
sample tweet 1695,positive
sample tweet 1696,neutral
sample tweet 1697,neutral
sample tweet 1698,positive
sample tweet 1699,neutral
sample tweet 1700,positive
sample tweet 1701,positive
sample tweet 1702,negative
sample tweet 1703,neutral
sample tweet 1704,positive
sample tweet 1705,positive
sample tweet 1706,positive
sample tweet 1707,negative
sample tweet 1708,positive
sample tweet 1709,negative
sample tweet 1710,negative
sample tweet 1711,positive
sample tweet 1712,positive
sample tweet 1713,negative
sample tweet 1714,negative
sample tweet 1715,neutral
sample tweet 1716,neutral
sample tweet 1717,negative
sample tweet 1718,neutral
sample tweet 1719,negative
sample tweet 1720,neutral
sample tweet 1721,positive
sample tweet 1722,positive
sample tweet 1723,positive
sample tweet 1724,positive
sample tweet 1725,neutral
sample tweet 1726,positive
sample tweet 1727,positive
sample tweet 1728,negative
sample tweet 1729,positive
sample tweet 1730,positive
sample tweet 1731,positive
sample tweet 1732,positive
sample tweet 1733,neutral
sample tweet 1734,positive
sample tweet 1735,positive
sample tweet 1736,neutral
sample tweet 1737,neutral
sample tweet 1738,positive
sample tweet 1739,positive
sample tweet 1740,neutral
sample tweet 1741,neutral
sample tweet 1742,negative
sample tweet 1743,neutral
sample tweet 1744,negative
sample tweet 1745,positive
sample tweet 1746,positive
sample tweet 1747,negative
sample tweet 1748,neutral
sample tweet 1749,positive
sample tweet 1750,positive
sample tweet 1751,negative
sample tweet 1752,positive
sample tweet 1753,positive
sample tweet 1754,negative
sample tweet 1755,negative
sample tweet 1756,neutral
sample tweet 1757,neutral
sample tweet 1758,negative
sample tweet 1759,negative
sample tweet 1760,neutral
sample tweet 1761,neutral
sample tweet 1762,negative
sample tweet 1763,positive
sample tweet 1764,positive
sample tweet 1765,negative
sample tweet 1766,negative
sample tweet 1767,neutral
sample tweet 1768,neutral
sample tweet 1769,negative
sample tweet 1770,positive
sample tweet 1771,neutral
sample tweet 1772,neutral
sample tweet 1773,positive
sample tweet 1774,positive
sample tweet 1775,positive
sample tweet 1776,positive
sample tweet 1777,neutral
sample tweet 1778,negative
sample tweet 1779,neutral
sample tweet 1780,positive
sample tweet 1781,neutral
sample tweet 1782,positive
sample tweet 1783,positive
sample tweet 1784,negative
sample tweet 1785,negative
sample tweet 1786,positive
sample tweet 1787,neutral
sample tweet 1788,positive
sample tweet 1789,neutral
sample tweet 1790,positive
sample tweet 1791,positive
sample tweet 1792,neutral
sample tweet 1793,neutral
sample tweet 1794,positive
sample tweet 1795,positive
sample tweet 1796,positive
sample tweet 1797,positive
sample tweet 1798,positive
sample tweet 1799,positive
sample tweet 1800,positive
sample tweet 1801,positive
sample tweet 1802,negative
sample tweet 1803,positive
sample tweet 1804,neutral
sample tweet 1805,neutral
sample tweet 1806,negative
sample tweet 1807,negative
sample tweet 1808,positive
sample tweet 1809,positive
sample tweet 1810,positive
sample tweet 1811,positive
sample tweet 1812,neutral
sample tweet 1813,positive
sample tweet 1814,positive
sample tweet 1815,negative
sample tweet 1816,positive
sample tweet 1817,positive
sample tweet 1818,positive
sample tweet 1819,neutral
sample tweet 1820,positive
sample tweet 1821,positive
sample tweet 1822,negative
sample tweet 1823,negative
sample tweet 1824,positive
sample tweet 1825,negative
sample tweet 1826,neutral
sample tweet 1827,neutral
sample tweet 1828,neutral
sample tweet 1829,positive
sample tweet 1830,neutral
sample tweet 1831,neutral
sample tweet 1832,positive
sample tweet 1833,positive
sample tweet 1834,positive
sample tweet 1835,neutral
sample tweet 1836,neutral
sample tweet 1837,positive
sample tweet 1838,negative
sample tweet 1839,positive
sample tweet 1840,positive
sample tweet 1841,positive
sample tweet 1842,positive
sample tweet 1843,neutral
sample tweet 1844,positive
sample tweet 1845,negative
sample tweet 1846,neutral
sample tweet 1847,positive
sample tweet 1848,positive
sample tweet 1849,positive
sample tweet 1850,positive
sample tweet 1851,neutral
sample tweet 1852,positive
sample tweet 1853,positive
sample tweet 1854,neutral
sample tweet 1855,negative
sample tweet 1856,positive
sample tweet 1857,positive
sample tweet 1858,negative
sample tweet 1859,positive
sample tweet 1860,positive
sample tweet 1861,neutral
sample tweet 1862,neutral
sample tweet 1863,positive
sample tweet 1864,positive
sample tweet 1865,positive
sample tweet 1866,negative
sample tweet 1867,positive
sample tweet 1868,positive
sample tweet 1869,positive
sample tweet 1870,positive
sample tweet 1871,positive
sample tweet 1872,neutral
sample tweet 1873,neutral
sample tweet 1874,negative
sample tweet 1875,negative
sample tweet 1876,neutral
sample tweet 1877,neutral
sample tweet 1878,positive
sample tweet 1879,positive
sample tweet 1880,positive
sample tweet 1881,positive
sample tweet 1882,positive
sample tweet 1883,negative
sample tweet 1884,positive
sample tweet 1885,neutral
sample tweet 1886,positive
sample tweet 1887,positive
sample tweet 1888,negative
sample tweet 1889,positive
sample tweet 1890,positive
sample tweet 1891,neutral
sample tweet 1892,positive
sample tweet 1893,negative
sample tweet 1894,positive
sample tweet 1895,positive
sample tweet 1896,neutral
sample tweet 1897,positive
sample tweet 1898,negative
sample tweet 1899,neutral
sample tweet 1900,neutral
sample tweet 1901,neutral
sample tweet 1902,positive
sample tweet 1903,neutral
sample tweet 1904,positive
sample tweet 1905,positive
sample tweet 1906,neutral
sample tweet 1907,negative
sample tweet 1908,neutral
sample tweet 1909,positive
sample tweet 1910,positive
sample tweet 1911,neutral
sample tweet 1912,positive
sample tweet 1913,positive
sample tweet 1914,negative
sample tweet 1915,neutral
sample tweet 1916,positive
sample tweet 1917,negative
sample tweet 1918,neutral
sample tweet 1919,negative
sample tweet 1920,neutral
sample tweet 1921,neutral
sample tweet 1922,neutral
sample tweet 1923,positive
sample tweet 1924,positive
sample tweet 1925,neutral
sample tweet 1926,neutral
sample tweet 1927,negative
sample tweet 1928,neutral
sample tweet 1929,positive
sample tweet 1930,positive
sample tweet 1931,negative
sample tweet 1932,positive
sample tweet 1933,neutral
sample tweet 1934,positive
sample tweet 1935,neutral
sample tweet 1936,positive
sample tweet 1937,positive
sample tweet 1938,positive
sample tweet 1939,positive
sample tweet 1940,neutral
sample tweet 1941,negative
sample tweet 1942,positive
sample tweet 1943,positive
sample tweet 1944,neutral
sample tweet 1945,neutral
sample tweet 1946,negative
sample tweet 1947,negative
sample tweet 1948,negative
sample tweet 1949,positive
sample tweet 1950,positive
sample tweet 1951,positive
sample tweet 1952,positive
sample tweet 1953,negative
sample tweet 1954,positive
sample tweet 1955,positive
sample tweet 1956,negative
sample tweet 1957,negative
sample tweet 1958,positive
sample tweet 1959,positive
sample tweet 1960,negative
sample tweet 1961,positive
sample tweet 1962,positive
sample tweet 1963,negative
sample tweet 1964,positive
sample tweet 1965,positive
sample tweet 1966,negative
sample tweet 1967,positive
sample tweet 1968,positive
sample tweet 1969,negative
sample tweet 1970,negative
sample tweet 1971,positive
sample tweet 1972,negative
sample tweet 1973,neutral
sample tweet 1974,negative
sample tweet 1975,positive
sample tweet 1976,negative
sample tweet 1977,positive
sample tweet 1978,neutral
sample tweet 1979,positive
sample tweet 1980,positive
sample tweet 1981,negative
sample tweet 1982,negative
sample tweet 1983,positive
sample tweet 1984,positive
sample tweet 1985,positive
sample tweet 1986,negative
sample tweet 1987,neutral
sample tweet 1988,neutral
sample tweet 1989,positive
sample tweet 1990,positive
sample tweet 1991,neutral
sample tweet 1992,positive
sample tweet 1993,neutral
sample tweet 1994,negative
sample tweet 1995,positive
sample tweet 1996,neutral
sample tweet 1997,positive
sample tweet 1998,neutral
sample tweet 1999,positive
sample tweet 2000,positive
sample tweet 2001,positive
sample tweet 2002,positive
sample tweet 2003,neutral
sample tweet 2004,neutral
sample tweet 2005,neutral
sample tweet 2006,neutral
sample tweet 2007,negative
sample tweet 2008,positive
sample tweet 2009,neutral
sample tweet 2010,positive
sample tweet 2011,positive
sample tweet 2012,positive
sample tweet 2013,negative
sample tweet 2014,negative
sample tweet 2015,neutral
sample tweet 2016,neutral
sample tweet 2017,positive
sample tweet 2018,positive
sample tweet 2019,negative
sample tweet 2020,positive
sample tweet 2021,positive
sample tweet 2022,neutral
sample tweet 2023,positive
sample tweet 2024,negative
sample tweet 2025,positive
sample tweet 2026,positive
sample tweet 2027,positive
sample tweet 2028,neutral
sample tweet 2029,positive
sample tweet 2030,negative
sample tweet 2031,negative
sample tweet 2032,neutral
sample tweet 2033,neutral
sample tweet 2034,positive
sample tweet 2035,positive
sample tweet 2036,negative
sample tweet 2037,positive
sample tweet 2038,negative
sample tweet 2039,neutral
sample tweet 2040,neutral
sample tweet 2041,positive
sample tweet 2042,negative
sample tweet 2043,negative
sample tweet 2044,positive
sample tweet 2045,positive
sample tweet 2046,neutral
sample tweet 2047,negative
sample tweet 2048,neutral
sample tweet 2049,positive
sample tweet 2050,positive
sample tweet 2051,positive
sample tweet 2052,positive
sample tweet 2053,neutral
sample tweet 2054,positive
sample tweet 2055,negative
sample tweet 2056,positive
sample tweet 2057,negative
sample tweet 2058,neutral
sample tweet 2059,neutral
sample tweet 2060,negative
sample tweet 2061,positive
sample tweet 2062,negative
sample tweet 2063,positive
sample tweet 2064,positive
sample tweet 2065,neutral
sample tweet 2066,negative
sample tweet 2067,positive
sample tweet 2068,negative
sample tweet 2069,neutral
sample tweet 2070,negative
sample tweet 2071,positive
sample tweet 2072,positive
sample tweet 2073,positive
sample tweet 2074,positive
sample tweet 2075,negative
sample tweet 2076,positive
sample tweet 2077,negative
sample tweet 2078,negative
sample tweet 2079,positive
sample tweet 2080,negative
sample tweet 2081,negative
sample tweet 2082,positive
sample tweet 2083,positive
sample tweet 2084,positive
sample tweet 2085,negative
sample tweet 2086,neutral
sample tweet 2087,positive
sample tweet 2088,positive
sample tweet 2089,positive
sample tweet 2090,positive
sample tweet 2091,negative
sample tweet 2092,positive
sample tweet 2093,positive
sample tweet 2094,negative
sample tweet 2095,neutral
sample tweet 2096,positive
sample tweet 2097,positive
sample tweet 2098,negative
sample tweet 2099,positive
sample tweet 2100,negative
sample tweet 2101,positive
sample tweet 2102,positive
sample tweet 2103,positive
sample tweet 2104,positive
sample tweet 2105,positive
sample tweet 2106,positive
sample tweet 2107,neutral
sample tweet 2108,neutral
sample tweet 2109,positive
sample tweet 2110,negative
sample tweet 2111,negative
sample tweet 2112,neutral
sample tweet 2113,neutral
sample tweet 2114,neutral
sample tweet 2115,negative
sample tweet 2116,neutral
sample tweet 2117,positive
sample tweet 2118,negative
sample tweet 2119,neutral
sample tweet 2120,positive
sample tweet 2121,positive
sample tweet 2122,neutral
sample tweet 2123,neutral
sample tweet 2124,neutral
sample tweet 2125,positive
sample tweet 2126,positive
sample tweet 2127,positive
sample tweet 2128,positive
sample tweet 2129,positive
sample tweet 2130,positive
sample tweet 2131,neutral
sample tweet 2132,negative
sample tweet 2133,neutral
sample tweet 2134,negative
sample tweet 2135,positive
sample tweet 2136,positive
sample tweet 2137,negative
sample tweet 2138,negative
sample tweet 2139,positive
sample tweet 2140,positive
sample tweet 2141,negative
sample tweet 2142,negative
sample tweet 2143,negative
sample tweet 2144,negative
sample tweet 2145,positive
sample tweet 2146,neutral
sample tweet 2147,positive
sample tweet 2148,negative
sample tweet 2149,negative
sample tweet 2150,positive
sample tweet 2151,negative
sample tweet 2152,positive
sample tweet 2153,neutral
sample tweet 2154,positive
sample tweet 2155,neutral
sample tweet 2156,negative
sample tweet 2157,negative
sample tweet 2158,positive
sample tweet 2159,neutral
sample tweet 2160,neutral
sample tweet 2161,neutral
sample tweet 2162,negative
sample tweet 2163,negative
sample tweet 2164,positive
sample tweet 2165,neutral
sample tweet 2166,neutral
sample tweet 2167,positive
sample tweet 2168,neutral
sample tweet 2169,neutral
sample tweet 2170,negative
sample tweet 2171,neutral
sample tweet 2172,positive
sample tweet 2173,negative
sample tweet 2174,positive
sample tweet 2175,negative
sample tweet 2176,negative
sample tweet 2177,positive
sample tweet 2178,neutral
sample tweet 2179,negative
sample tweet 2180,negative
sample tweet 2181,positive
sample tweet 2182,positive
sample tweet 2183,negative
sample tweet 2184,negative
sample tweet 2185,positive
sample tweet 2186,positive
sample tweet 2187,positive
sample tweet 2188,negative
sample tweet 2189,positive
sample tweet 2190,negative
sample tweet 2191,negative
sample tweet 2192,positive
sample tweet 2193,positive
sample tweet 2194,positive
sample tweet 2195,neutral
sample tweet 2196,neutral
sample tweet 2197,positive
sample tweet 2198,positive
sample tweet 2199,negative
sample tweet 2200,positive
sample tweet 2201,neutral
sample tweet 2202,negative
sample tweet 2203,negative
sample tweet 2204,positive
sample tweet 2205,positive
sample tweet 2206,neutral
sample tweet 2207,neutral
sample tweet 2208,positive
sample tweet 2209,positive
sample tweet 2210,positive
sample tweet 2211,neutral
sample tweet 2212,negative
sample tweet 2213,positive
sample tweet 2214,negative
sample tweet 2215,positive
sample tweet 2216,positive
sample tweet 2217,negative
sample tweet 2218,neutral
sample tweet 2219,negative
sample tweet 2220,positive
sample tweet 2221,positive
sample tweet 2222,neutral
sample tweet 2223,negative
sample tweet 2224,negative
sample tweet 2225,neutral
sample tweet 2226,negative
sample tweet 2227,positive
sample tweet 2228,neutral
sample tweet 2229,negative
sample tweet 2230,neutral
sample tweet 2231,positive
sample tweet 2232,positive
sample tweet 2233,positive
sample tweet 2234,negative
sample tweet 2235,negative
sample tweet 2236,neutral
sample tweet 2237,positive
sample tweet 2238,positive
sample tweet 2239,negative
sample tweet 2240,neutral
sample tweet 2241,neutral
sample tweet 2242,negative
sample tweet 2243,positive
sample tweet 2244,negative
sample tweet 2245,neutral
sample tweet 2246,positive
sample tweet 2247,neutral
sample tweet 2248,negative
sample tweet 2249,neutral
sample tweet 2250,positive
sample tweet 2251,positive
sample tweet 2252,negative
sample tweet 2253,positive
sample tweet 2254,neutral
sample tweet 2255,negative
sample tweet 2256,neutral
sample tweet 2257,neutral
sample tweet 2258,negative
sample tweet 2259,positive
sample tweet 2260,neutral
sample tweet 2261,negative
sample tweet 2262,positive
sample tweet 2263,neutral
sample tweet 2264,negative
sample tweet 2265,positive
sample tweet 2266,neutral
sample tweet 2267,negative
sample tweet 2268,positive
sample tweet 2269,positive
sample tweet 2270,positive
sample tweet 2271,negative
sample tweet 2272,positive
sample tweet 2273,positive
sample tweet 2274,positive
sample tweet 2275,negative
sample tweet 2276,negative
sample tweet 2277,positive
sample tweet 2278,positive
sample tweet 2279,negative
sample tweet 2280,positive
sample tweet 2281,neutral
sample tweet 2282,positive
sample tweet 2283,neutral
sample tweet 2284,negative
sample tweet 2285,neutral
sample tweet 2286,positive
sample tweet 2287,neutral
sample tweet 2288,positive
sample tweet 2289,positive
sample tweet 2290,neutral
sample tweet 2291,positive
sample tweet 2292,positive
sample tweet 2293,positive
sample tweet 2294,neutral
sample tweet 2295,neutral
sample tweet 2296,neutral
sample tweet 2297,neutral
sample tweet 2298,positive
sample tweet 2299,neutral
sample tweet 2300,neutral
sample tweet 2301,positive
sample tweet 2302,negative
sample tweet 2303,positive
sample tweet 2304,positive
sample tweet 2305,neutral
sample tweet 2306,negative
sample tweet 2307,negative
sample tweet 2308,neutral
sample tweet 2309,neutral
sample tweet 2310,neutral
sample tweet 2311,positive
sample tweet 2312,negative
sample tweet 2313,negative
sample tweet 2314,negative
sample tweet 2315,positive
sample tweet 2316,positive
sample tweet 2317,positive
sample tweet 2318,neutral
sample tweet 2319,positive
sample tweet 2320,positive
sample tweet 2321,neutral
sample tweet 2322,neutral
sample tweet 2323,neutral
sample tweet 2324,neutral
sample tweet 2325,positive
sample tweet 2326,positive
sample tweet 2327,negative
sample tweet 2328,positive
sample tweet 2329,positive
sample tweet 2330,positive
sample tweet 2331,negative
sample tweet 2332,positive
sample tweet 2333,positive
sample tweet 2334,negative
sample tweet 2335,neutral
sample tweet 2336,positive
sample tweet 2337,neutral
sample tweet 2338,positive
sample tweet 2339,positive
sample tweet 2340,positive
sample tweet 2341,neutral
sample tweet 2342,negative
sample tweet 2343,positive
sample tweet 2344,positive
sample tweet 2345,positive
sample tweet 2346,positive
sample tweet 2347,positive
sample tweet 2348,positive
sample tweet 2349,positive
sample tweet 2350,negative
sample tweet 2351,negative
sample tweet 2352,positive
sample tweet 2353,neutral
sample tweet 2354,positive
sample tweet 2355,neutral
sample tweet 2356,positive
sample tweet 2357,positive
sample tweet 2358,neutral
sample tweet 2359,negative
sample tweet 2360,positive
sample tweet 2361,positive
sample tweet 2362,negative
sample tweet 2363,positive
sample tweet 2364,positive
sample tweet 2365,positive
sample tweet 2366,neutral
sample tweet 2367,positive
sample tweet 2368,neutral
sample tweet 2369,positive
sample tweet 2370,neutral
sample tweet 2371,positive
sample tweet 2372,positive
sample tweet 2373,negative
sample tweet 2374,positive
sample tweet 2375,positive
sample tweet 2376,positive
sample tweet 2377,positive
sample tweet 2378,neutral
sample tweet 2379,positive
sample tweet 2380,positive
sample tweet 2381,negative
sample tweet 2382,positive
sample tweet 2383,positive
sample tweet 2384,neutral
sample tweet 2385,positive
sample tweet 2386,neutral
sample tweet 2387,positive
sample tweet 2388,neutral
sample tweet 2389,positive
sample tweet 2390,positive
sample tweet 2391,negative
sample tweet 2392,neutral
sample tweet 2393,negative
sample tweet 2394,positive
sample tweet 2395,positive
sample tweet 2396,negative
sample tweet 2397,positive
sample tweet 2398,positive
sample tweet 2399,negative
sample tweet 2400,positive
sample tweet 2401,positive
sample tweet 2402,positive
sample tweet 2403,neutral
sample tweet 2404,neutral
sample tweet 2405,positive
sample tweet 2406,negative
sample tweet 2407,negative
sample tweet 2408,negative
sample tweet 2409,positive
sample tweet 2410,negative
sample tweet 2411,neutral
sample tweet 2412,neutral
sample tweet 2413,positive
sample tweet 2414,positive
sample tweet 2415,negative
sample tweet 2416,neutral
sample tweet 2417,positive
sample tweet 2418,negative
sample tweet 2419,positive
sample tweet 2420,neutral
sample tweet 2421,positive
sample tweet 2422,positive
sample tweet 2423,negative
sample tweet 2424,positive
sample tweet 2425,neutral
sample tweet 2426,negative
sample tweet 2427,neutral
sample tweet 2428,negative
sample tweet 2429,neutral
sample tweet 2430,positive
sample tweet 2431,neutral
sample tweet 2432,neutral
sample tweet 2433,positive
sample tweet 2434,negative
sample tweet 2435,negative
sample tweet 2436,negative
sample tweet 2437,positive
sample tweet 2438,negative
sample tweet 2439,negative
sample tweet 2440,negative
sample tweet 2441,negative
sample tweet 2442,positive
sample tweet 2443,negative
sample tweet 2444,neutral
sample tweet 2445,neutral
sample tweet 2446,negative
sample tweet 2447,positive
sample tweet 2448,negative
sample tweet 2449,positive
sample tweet 2450,negative
sample tweet 2451,positive
sample tweet 2452,positive
sample tweet 2453,neutral
sample tweet 2454,positive
sample tweet 2455,neutral
sample tweet 2456,neutral
sample tweet 2457,neutral
sample tweet 2458,negative
sample tweet 2459,neutral
sample tweet 2460,positive
sample tweet 2461,positive
sample tweet 2462,positive
sample tweet 2463,negative
sample tweet 2464,neutral
sample tweet 2465,neutral
sample tweet 2466,positive
sample tweet 2467,positive
sample tweet 2468,negative
sample tweet 2469,positive
sample tweet 2470,neutral
sample tweet 2471,positive
sample tweet 2472,negative
sample tweet 2473,neutral
sample tweet 2474,neutral
sample tweet 2475,positive
sample tweet 2476,positive
sample tweet 2477,positive
sample tweet 2478,neutral
sample tweet 2479,positive
sample tweet 2480,positive
sample tweet 2481,neutral
sample tweet 2482,positive
sample tweet 2483,neutral
sample tweet 2484,positive
sample tweet 2485,negative
sample tweet 2486,neutral
sample tweet 2487,positive
sample tweet 2488,positive
sample tweet 2489,positive
sample tweet 2490,positive
sample tweet 2491,negative
sample tweet 2492,negative
sample tweet 2493,negative
sample tweet 2494,neutral
sample tweet 2495,neutral
sample tweet 2496,negative
sample tweet 2497,neutral
sample tweet 2498,positive
sample tweet 2499,positive
sample tweet 2500,negative
sample tweet 2501,negative
sample tweet 2502,positive
sample tweet 2503,negative
sample tweet 2504,neutral
sample tweet 2505,positive
sample tweet 2506,neutral
sample tweet 2507,neutral
sample tweet 2508,negative
sample tweet 2509,neutral
sample tweet 2510,positive
sample tweet 2511,positive
sample tweet 2512,positive
sample tweet 2513,neutral
sample tweet 2514,positive
sample tweet 2515,positive
sample tweet 2516,neutral
sample tweet 2517,positive
sample tweet 2518,positive
sample tweet 2519,negative
sample tweet 2520,neutral
sample tweet 2521,positive
sample tweet 2522,positive
sample tweet 2523,neutral
sample tweet 2524,neutral
sample tweet 2525,positive
sample tweet 2526,positive
sample tweet 2527,neutral
sample tweet 2528,positive
sample tweet 2529,positive
sample tweet 2530,neutral
sample tweet 2531,positive
sample tweet 2532,negative
sample tweet 2533,positive
sample tweet 2534,neutral
sample tweet 2535,neutral
sample tweet 2536,positive
sample tweet 2537,negative
sample tweet 2538,neutral
sample tweet 2539,positive
sample tweet 2540,positive
sample tweet 2541,positive
sample tweet 2542,positive
sample tweet 2543,neutral
sample tweet 2544,positive
sample tweet 2545,neutral
sample tweet 2546,neutral
sample tweet 2547,negative
sample tweet 2548,positive
sample tweet 2549,neutral
sample tweet 2550,negative
sample tweet 2551,neutral
sample tweet 2552,positive
sample tweet 2553,neutral
sample tweet 2554,positive
sample tweet 2555,positive
sample tweet 2556,positive
sample tweet 2557,positive
sample tweet 2558,negative
sample tweet 2559,neutral
sample tweet 2560,positive
sample tweet 2561,neutral
sample tweet 2562,neutral
sample tweet 2563,positive
sample tweet 2564,positive
sample tweet 2565,negative
sample tweet 2566,positive
sample tweet 2567,neutral
sample tweet 2568,neutral
sample tweet 2569,positive
sample tweet 2570,positive
sample tweet 2571,positive
sample tweet 2572,positive
sample tweet 2573,positive
sample tweet 2574,neutral
sample tweet 2575,negative
sample tweet 2576,negative
sample tweet 2577,positive
sample tweet 2578,negative
sample tweet 2579,neutral
sample tweet 2580,neutral
sample tweet 2581,positive
sample tweet 2582,neutral
sample tweet 2583,positive
sample tweet 2584,negative
sample tweet 2585,positive
sample tweet 2586,positive
sample tweet 2587,negative
sample tweet 2588,neutral
sample tweet 2589,neutral
sample tweet 2590,negative
sample tweet 2591,negative
sample tweet 2592,positive
sample tweet 2593,negative
sample tweet 2594,positive
sample tweet 2595,positive
sample tweet 2596,positive
sample tweet 2597,neutral
sample tweet 2598,positive
sample tweet 2599,positive
sample tweet 2600,positive
sample tweet 2601,negative
sample tweet 2602,positive
sample tweet 2603,positive
sample tweet 2604,negative
sample tweet 2605,negative
sample tweet 2606,neutral
sample tweet 2607,positive
sample tweet 2608,positive
sample tweet 2609,neutral
sample tweet 2610,negative
sample tweet 2611,negative
sample tweet 2612,positive
sample tweet 2613,negative
sample tweet 2614,neutral
sample tweet 2615,positive
sample tweet 2616,neutral
sample tweet 2617,positive
sample tweet 2618,positive
sample tweet 2619,negative
sample tweet 2620,positive
sample tweet 2621,positive
sample tweet 2622,positive
sample tweet 2623,negative
sample tweet 2624,negative
sample tweet 2625,positive
sample tweet 2626,neutral
sample tweet 2627,negative
sample tweet 2628,positive
sample tweet 2629,positive
sample tweet 2630,negative
sample tweet 2631,negative
sample tweet 2632,neutral
sample tweet 2633,positive
sample tweet 2634,positive
sample tweet 2635,neutral
sample tweet 2636,positive
sample tweet 2637,positive
sample tweet 2638,positive
sample tweet 2639,positive
sample tweet 2640,positive
sample tweet 2641,positive
sample tweet 2642,negative
sample tweet 2643,positive
sample tweet 2644,positive
sample tweet 2645,positive
sample tweet 2646,neutral
sample tweet 2647,positive
sample tweet 2648,positive
sample tweet 2649,positive
sample tweet 2650,positive
sample tweet 2651,negative
sample tweet 2652,positive
sample tweet 2653,positive
sample tweet 2654,positive
sample tweet 2655,neutral
sample tweet 2656,negative
sample tweet 2657,positive
sample tweet 2658,positive
sample tweet 2659,negative
sample tweet 2660,neutral
sample tweet 2661,positive
sample tweet 2662,neutral
sample tweet 2663,negative
sample tweet 2664,negative
sample tweet 2665,negative
sample tweet 2666,positive
sample tweet 2667,neutral
sample tweet 2668,negative
sample tweet 2669,positive
sample tweet 2670,negative
sample tweet 2671,positive
sample tweet 2672,neutral
sample tweet 2673,positive
sample tweet 2674,neutral
sample tweet 2675,positive
sample tweet 2676,negative
sample tweet 2677,positive
sample tweet 2678,positive
sample tweet 2679,positive
sample tweet 2680,positive
sample tweet 2681,negative
sample tweet 2682,positive
sample tweet 2683,positive
sample tweet 2684,negative
sample tweet 2685,negative
sample tweet 2686,neutral
sample tweet 2687,positive
sample tweet 2688,negative
sample tweet 2689,positive
sample tweet 2690,positive
sample tweet 2691,positive
sample tweet 2692,positive
sample tweet 2693,neutral
sample tweet 2694,neutral
sample tweet 2695,neutral
sample tweet 2696,positive
sample tweet 2697,negative
sample tweet 2698,neutral
sample tweet 2699,positive
sample tweet 2700,positive
sample tweet 2701,positive
sample tweet 2702,positive
sample tweet 2703,positive
sample tweet 2704,positive
sample tweet 2705,neutral
sample tweet 2706,positive
sample tweet 2707,positive
sample tweet 2708,positive
sample tweet 2709,neutral
sample tweet 2710,positive
sample tweet 2711,neutral
sample tweet 2712,positive
sample tweet 2713,neutral
sample tweet 2714,positive
sample tweet 2715,neutral
sample tweet 2716,positive
sample tweet 2717,negative
sample tweet 2718,negative
sample tweet 2719,positive
sample tweet 2720,neutral
sample tweet 2721,positive
sample tweet 2722,positive
sample tweet 2723,neutral
sample tweet 2724,positive
sample tweet 2725,negative
sample tweet 2726,positive
sample tweet 2727,positive
sample tweet 2728,positive
sample tweet 2729,positive
sample tweet 2730,negative
sample tweet 2731,negative
sample tweet 2732,positive
sample tweet 2733,neutral
sample tweet 2734,neutral
sample tweet 2735,negative
sample tweet 2736,neutral
sample tweet 2737,negative
sample tweet 2738,negative
sample tweet 2739,positive
sample tweet 2740,positive
sample tweet 2741,positive
sample tweet 2742,positive
sample tweet 2743,negative
sample tweet 2744,neutral
sample tweet 2745,negative
sample tweet 2746,neutral
sample tweet 2747,positive
sample tweet 2748,neutral
sample tweet 2749,negative
sample tweet 2750,negative
sample tweet 2751,neutral
sample tweet 2752,neutral
sample tweet 2753,positive
sample tweet 2754,positive
sample tweet 2755,negative
sample tweet 2756,neutral
sample tweet 2757,positive
sample tweet 2758,positive
sample tweet 2759,positive
sample tweet 2760,negative
sample tweet 2761,positive
sample tweet 2762,neutral
sample tweet 2763,positive
sample tweet 2764,negative
sample tweet 2765,positive
sample tweet 2766,negative
sample tweet 2767,neutral
sample tweet 2768,positive
sample tweet 2769,positive
sample tweet 2770,neutral
sample tweet 2771,negative
sample tweet 2772,positive
sample tweet 2773,negative
sample tweet 2774,negative
sample tweet 2775,neutral
sample tweet 2776,negative
sample tweet 2777,neutral
sample tweet 2778,negative
sample tweet 2779,positive
sample tweet 2780,positive
sample tweet 2781,positive
sample tweet 2782,negative
sample tweet 2783,negative
sample tweet 2784,negative
sample tweet 2785,negative
sample tweet 2786,positive
sample tweet 2787,negative
sample tweet 2788,negative
sample tweet 2789,positive
sample tweet 2790,neutral
sample tweet 2791,negative
sample tweet 2792,positive
sample tweet 2793,positive
sample tweet 2794,positive
sample tweet 2795,positive
sample tweet 2796,positive
sample tweet 2797,positive
sample tweet 2798,neutral
sample tweet 2799,neutral
sample tweet 2800,neutral
sample tweet 2801,positive
sample tweet 2802,neutral
sample tweet 2803,positive
sample tweet 2804,positive
sample tweet 2805,positive
sample tweet 2806,neutral
sample tweet 2807,neutral
sample tweet 2808,positive
sample tweet 2809,neutral
sample tweet 2810,positive
sample tweet 2811,positive
sample tweet 2812,positive
sample tweet 2813,neutral
sample tweet 2814,negative
sample tweet 2815,negative
sample tweet 2816,positive
sample tweet 2817,positive
sample tweet 2818,neutral
sample tweet 2819,positive
sample tweet 2820,positive
sample tweet 2821,positive
sample tweet 2822,positive
sample tweet 2823,neutral
sample tweet 2824,positive
sample tweet 2825,positive
sample tweet 2826,positive
sample tweet 2827,neutral
sample tweet 2828,positive
sample tweet 2829,negative
sample tweet 2830,negative
sample tweet 2831,positive
sample tweet 2832,negative
sample tweet 2833,positive
sample tweet 2834,positive
sample tweet 2835,neutral
sample tweet 2836,neutral
sample tweet 2837,negative
sample tweet 2838,positive
sample tweet 2839,positive
sample tweet 2840,positive
sample tweet 2841,positive
sample tweet 2842,negative
sample tweet 2843,positive
sample tweet 2844,positive
sample tweet 2845,negative
sample tweet 2846,neutral
sample tweet 2847,negative
sample tweet 2848,positive
sample tweet 2849,positive
sample tweet 2850,positive
sample tweet 2851,neutral
sample tweet 2852,positive
sample tweet 2853,positive
sample tweet 2854,positive
sample tweet 2855,positive
sample tweet 2856,positive
sample tweet 2857,negative
sample tweet 2858,positive
sample tweet 2859,positive
sample tweet 2860,negative
sample tweet 2861,neutral
sample tweet 2862,positive
sample tweet 2863,positive
sample tweet 2864,positive
sample tweet 2865,neutral
sample tweet 2866,positive
sample tweet 2867,positive
sample tweet 2868,positive
sample tweet 2869,negative
sample tweet 2870,positive
sample tweet 2871,positive
sample tweet 2872,positive
sample tweet 2873,negative
sample tweet 2874,positive
sample tweet 2875,positive
sample tweet 2876,positive
sample tweet 2877,positive
sample tweet 2878,negative
sample tweet 2879,positive
sample tweet 2880,positive
sample tweet 2881,neutral
sample tweet 2882,neutral
sample tweet 2883,positive
sample tweet 2884,positive
sample tweet 2885,positive
sample tweet 2886,negative
sample tweet 2887,positive
sample tweet 2888,positive
sample tweet 2889,positive
sample tweet 2890,positive
sample tweet 2891,negative
sample tweet 2892,neutral
sample tweet 2893,negative
sample tweet 2894,neutral
sample tweet 2895,positive
sample tweet 2896,negative
sample tweet 2897,positive
sample tweet 2898,negative
sample tweet 2899,neutral
sample tweet 2900,neutral
sample tweet 2901,positive
sample tweet 2902,positive
sample tweet 2903,positive
sample tweet 2904,positive
sample tweet 2905,neutral
sample tweet 2906,positive
sample tweet 2907,positive
sample tweet 2908,positive
sample tweet 2909,neutral
sample tweet 2910,positive
sample tweet 2911,positive
sample tweet 2912,negative
sample tweet 2913,positive
sample tweet 2914,neutral
sample tweet 2915,positive
sample tweet 2916,positive
sample tweet 2917,positive
sample tweet 2918,positive
sample tweet 2919,positive
sample tweet 2920,negative
sample tweet 2921,neutral
sample tweet 2922,negative
sample tweet 2923,positive
sample tweet 2924,positive
sample tweet 2925,negative
sample tweet 2926,positive
sample tweet 2927,neutral
sample tweet 2928,neutral
sample tweet 2929,neutral
sample tweet 2930,positive
sample tweet 2931,neutral
sample tweet 2932,negative
sample tweet 2933,neutral
sample tweet 2934,neutral
sample tweet 2935,negative
sample tweet 2936,positive
sample tweet 2937,positive
sample tweet 2938,positive
sample tweet 2939,neutral
sample tweet 2940,positive
sample tweet 2941,negative
sample tweet 2942,negative
sample tweet 2943,positive
sample tweet 2944,neutral
sample tweet 2945,positive
sample tweet 2946,positive
sample tweet 2947,neutral
sample tweet 2948,positive
sample tweet 2949,negative
sample tweet 2950,positive
sample tweet 2951,positive
sample tweet 2952,positive
sample tweet 2953,positive
sample tweet 2954,negative
sample tweet 2955,negative
sample tweet 2956,neutral
sample tweet 2957,positive
sample tweet 2958,positive
sample tweet 2959,negative
sample tweet 2960,negative
sample tweet 2961,positive
sample tweet 2962,positive
sample tweet 2963,negative
sample tweet 2964,neutral
sample tweet 2965,neutral
sample tweet 2966,positive
sample tweet 2967,positive
sample tweet 2968,positive
sample tweet 2969,negative
sample tweet 2970,positive
sample tweet 2971,positive
sample tweet 2972,positive
sample tweet 2973,neutral
sample tweet 2974,negative
sample tweet 2975,negative
sample tweet 2976,positive
sample tweet 2977,positive
sample tweet 2978,positive
sample tweet 2979,positive
sample tweet 2980,positive
sample tweet 2981,positive
sample tweet 2982,positive
sample tweet 2983,positive
sample tweet 2984,positive
sample tweet 2985,positive
sample tweet 2986,neutral
sample tweet 2987,neutral
sample tweet 2988,positive
sample tweet 2989,positive
sample tweet 2990,negative
sample tweet 2991,neutral
sample tweet 2992,positive
sample tweet 2993,positive
sample tweet 2994,neutral
sample tweet 2995,positive
sample tweet 2996,neutral
sample tweet 2997,negative
sample tweet 2998,neutral
sample tweet 2999,neutral
sample tweet 3000,neutral
sample tweet 3001,positive
sample tweet 3002,positive
sample tweet 3003,neutral
sample tweet 3004,positive
sample tweet 3005,negative
sample tweet 3006,positive
sample tweet 3007,positive
sample tweet 3008,positive
sample tweet 3009,neutral
sample tweet 3010,positive
sample tweet 3011,negative
sample tweet 3012,positive
sample tweet 3013,neutral
sample tweet 3014,positive
sample tweet 3015,positive
sample tweet 3016,positive
sample tweet 3017,positive
sample tweet 3018,positive
sample tweet 3019,neutral
sample tweet 3020,positive
sample tweet 3021,positive
sample tweet 3022,negative
sample tweet 3023,positive
sample tweet 3024,positive
sample tweet 3025,negative
sample tweet 3026,neutral
sample tweet 3027,positive
sample tweet 3028,negative
sample tweet 3029,neutral
sample tweet 3030,positive
sample tweet 3031,positive
sample tweet 3032,positive
sample tweet 3033,positive
sample tweet 3034,negative
sample tweet 3035,negative
sample tweet 3036,positive
sample tweet 3037,neutral
sample tweet 3038,neutral
sample tweet 3039,negative
sample tweet 3040,positive
sample tweet 3041,negative
sample tweet 3042,positive
sample tweet 3043,negative
sample tweet 3044,neutral
sample tweet 3045,neutral
sample tweet 3046,negative
sample tweet 3047,positive
sample tweet 3048,neutral
sample tweet 3049,positive
sample tweet 3050,positive
sample tweet 3051,positive
sample tweet 3052,neutral
sample tweet 3053,negative
sample tweet 3054,negative
sample tweet 3055,negative
sample tweet 3056,neutral
sample tweet 3057,positive
sample tweet 3058,neutral
sample tweet 3059,positive
sample tweet 3060,neutral
sample tweet 3061,positive
sample tweet 3062,positive
sample tweet 3063,negative
sample tweet 3064,positive
sample tweet 3065,positive
sample tweet 3066,positive
sample tweet 3067,neutral
sample tweet 3068,neutral
sample tweet 3069,positive
sample tweet 3070,positive
sample tweet 3071,negative
sample tweet 3072,positive
sample tweet 3073,negative
sample tweet 3074,positive
sample tweet 3075,neutral
sample tweet 3076,positive
sample tweet 3077,positive
sample tweet 3078,negative
sample tweet 3079,negative
sample tweet 3080,positive
sample tweet 3081,positive
sample tweet 3082,negative
sample tweet 3083,negative
sample tweet 3084,neutral
sample tweet 3085,neutral
sample tweet 3086,positive
sample tweet 3087,positive
sample tweet 3088,positive
sample tweet 3089,negative
sample tweet 3090,neutral
sample tweet 3091,negative
sample tweet 3092,neutral
sample tweet 3093,neutral
sample tweet 3094,neutral
sample tweet 3095,positive
sample tweet 3096,negative
sample tweet 3097,positive
sample tweet 3098,positive
sample tweet 3099,positive
sample tweet 3100,neutral
sample tweet 3101,neutral
sample tweet 3102,positive
sample tweet 3103,positive
sample tweet 3104,positive
sample tweet 3105,negative
sample tweet 3106,neutral
sample tweet 3107,positive
sample tweet 3108,positive
sample tweet 3109,negative
sample tweet 3110,negative
sample tweet 3111,neutral
sample tweet 3112,positive
sample tweet 3113,positive
sample tweet 3114,positive
sample tweet 3115,neutral
sample tweet 3116,neutral
sample tweet 3117,neutral
sample tweet 3118,negative
sample tweet 3119,neutral
sample tweet 3120,neutral
sample tweet 3121,positive
sample tweet 3122,positive
sample tweet 3123,neutral
sample tweet 3124,positive
sample tweet 3125,neutral
sample tweet 3126,neutral
sample tweet 3127,positive
sample tweet 3128,negative
sample tweet 3129,negative
sample tweet 3130,positive
sample tweet 3131,negative
sample tweet 3132,positive
sample tweet 3133,negative
sample tweet 3134,positive
sample tweet 3135,neutral
sample tweet 3136,positive
sample tweet 3137,negative
sample tweet 3138,neutral
sample tweet 3139,neutral
sample tweet 3140,negative
sample tweet 3141,positive
sample tweet 3142,positive
sample tweet 3143,neutral
sample tweet 3144,negative
sample tweet 3145,positive
sample tweet 3146,neutral
sample tweet 3147,positive
sample tweet 3148,positive
sample tweet 3149,positive
sample tweet 3150,negative
sample tweet 3151,negative
sample tweet 3152,negative
sample tweet 3153,negative
sample tweet 3154,positive
sample tweet 3155,positive
sample tweet 3156,neutral
sample tweet 3157,neutral
sample tweet 3158,neutral
sample tweet 3159,negative
sample tweet 3160,positive
sample tweet 3161,positive
sample tweet 3162,neutral
sample tweet 3163,neutral
sample tweet 3164,negative
sample tweet 3165,negative
sample tweet 3166,negative
sample tweet 3167,negative
sample tweet 3168,positive
sample tweet 3169,positive
sample tweet 3170,positive
sample tweet 3171,neutral
sample tweet 3172,negative
sample tweet 3173,negative
sample tweet 3174,positive
sample tweet 3175,positive
sample tweet 3176,negative
sample tweet 3177,negative
sample tweet 3178,positive
sample tweet 3179,neutral
sample tweet 3180,negative
sample tweet 3181,neutral
sample tweet 3182,neutral
sample tweet 3183,positive
sample tweet 3184,positive
sample tweet 3185,positive
sample tweet 3186,positive
sample tweet 3187,neutral
sample tweet 3188,neutral
sample tweet 3189,positive
sample tweet 3190,negative
sample tweet 3191,negative
sample tweet 3192,negative
sample tweet 3193,neutral
sample tweet 3194,neutral
sample tweet 3195,negative
sample tweet 3196,positive
sample tweet 3197,negative
sample tweet 3198,neutral
sample tweet 3199,neutral
sample tweet 3200,positive
sample tweet 3201,positive
sample tweet 3202,negative
sample tweet 3203,neutral
sample tweet 3204,positive
sample tweet 3205,positive
sample tweet 3206,negative
sample tweet 3207,positive
sample tweet 3208,positive
sample tweet 3209,positive
sample tweet 3210,neutral
sample tweet 3211,negative
sample tweet 3212,neutral
sample tweet 3213,positive
sample tweet 3214,positive
sample tweet 3215,positive
sample tweet 3216,negative
sample tweet 3217,neutral
sample tweet 3218,negative
sample tweet 3219,positive
sample tweet 3220,positive
sample tweet 3221,neutral
sample tweet 3222,neutral
sample tweet 3223,positive
sample tweet 3224,positive
sample tweet 3225,neutral
sample tweet 3226,neutral
sample tweet 3227,positive
sample tweet 3228,negative
sample tweet 3229,neutral
sample tweet 3230,positive
sample tweet 3231,neutral
sample tweet 3232,positive
sample tweet 3233,positive
sample tweet 3234,positive
sample tweet 3235,positive
sample tweet 3236,negative
sample tweet 3237,negative
sample tweet 3238,neutral
sample tweet 3239,positive
sample tweet 3240,negative
sample tweet 3241,neutral
sample tweet 3242,negative
sample tweet 3243,neutral
sample tweet 3244,negative
sample tweet 3245,neutral
sample tweet 3246,neutral
sample tweet 3247,positive
sample tweet 3248,neutral
sample tweet 3249,positive
sample tweet 3250,positive
sample tweet 3251,positive
sample tweet 3252,positive
sample tweet 3253,neutral
sample tweet 3254,positive
sample tweet 3255,negative
sample tweet 3256,neutral
sample tweet 3257,neutral
sample tweet 3258,neutral
sample tweet 3259,negative
sample tweet 3260,positive
sample tweet 3261,positive
sample tweet 3262,neutral
sample tweet 3263,negative
sample tweet 3264,positive
sample tweet 3265,positive
sample tweet 3266,positive
sample tweet 3267,neutral
sample tweet 3268,negative
sample tweet 3269,positive
sample tweet 3270,negative
sample tweet 3271,neutral
sample tweet 3272,neutral
sample tweet 3273,positive
sample tweet 3274,positive
sample tweet 3275,positive
sample tweet 3276,positive
sample tweet 3277,negative
sample tweet 3278,neutral
sample tweet 3279,negative
sample tweet 3280,positive
sample tweet 3281,positive
sample tweet 3282,neutral
sample tweet 3283,positive
sample tweet 3284,neutral
sample tweet 3285,positive
sample tweet 3286,neutral
sample tweet 3287,negative
sample tweet 3288,positive
sample tweet 3289,negative
sample tweet 3290,positive
sample tweet 3291,negative
sample tweet 3292,negative
sample tweet 3293,positive
sample tweet 3294,negative
sample tweet 3295,negative
sample tweet 3296,neutral
sample tweet 3297,negative
sample tweet 3298,neutral
sample tweet 3299,neutral
sample tweet 3300,neutral
sample tweet 3301,neutral
sample tweet 3302,neutral
sample tweet 3303,positive
sample tweet 3304,neutral
sample tweet 3305,positive
sample tweet 3306,negative
sample tweet 3307,neutral
sample tweet 3308,positive
sample tweet 3309,positive
sample tweet 3310,neutral
sample tweet 3311,positive
sample tweet 3312,negative
sample tweet 3313,negative
sample tweet 3314,neutral
sample tweet 3315,positive
sample tweet 3316,positive
sample tweet 3317,positive
sample tweet 3318,negative
sample tweet 3319,positive
sample tweet 3320,neutral
sample tweet 3321,negative
sample tweet 3322,positive
sample tweet 3323,negative
sample tweet 3324,negative
sample tweet 3325,negative
sample tweet 3326,negative
sample tweet 3327,negative
sample tweet 3328,positive
sample tweet 3329,neutral
sample tweet 3330,positive
sample tweet 3331,positive
sample tweet 3332,neutral
sample tweet 3333,positive
sample tweet 3334,positive
sample tweet 3335,neutral
sample tweet 3336,positive
sample tweet 3337,neutral
sample tweet 3338,neutral
sample tweet 3339,positive
sample tweet 3340,positive
sample tweet 3341,negative
sample tweet 3342,neutral
sample tweet 3343,positive
sample tweet 3344,neutral
sample tweet 3345,negative
sample tweet 3346,positive
sample tweet 3347,negative
sample tweet 3348,positive
sample tweet 3349,negative
sample tweet 3350,positive
sample tweet 3351,negative
sample tweet 3352,negative
sample tweet 3353,positive
sample tweet 3354,positive
sample tweet 3355,positive
sample tweet 3356,positive
sample tweet 3357,positive
sample tweet 3358,neutral
sample tweet 3359,positive
sample tweet 3360,positive
sample tweet 3361,positive
sample tweet 3362,positive
sample tweet 3363,negative
sample tweet 3364,negative
sample tweet 3365,positive
sample tweet 3366,negative
sample tweet 3367,positive
sample tweet 3368,negative
sample tweet 3369,negative
sample tweet 3370,positive
sample tweet 3371,negative
sample tweet 3372,positive
sample tweet 3373,positive
sample tweet 3374,neutral
sample tweet 3375,positive
sample tweet 3376,negative
sample tweet 3377,positive
sample tweet 3378,neutral
sample tweet 3379,negative
sample tweet 3380,positive
sample tweet 3381,positive
sample tweet 3382,neutral
sample tweet 3383,neutral
sample tweet 3384,positive
sample tweet 3385,positive
sample tweet 3386,positive
sample tweet 3387,positive
sample tweet 3388,negative
sample tweet 3389,neutral
sample tweet 3390,positive
sample tweet 3391,neutral
sample tweet 3392,negative
sample tweet 3393,positive
sample tweet 3394,neutral
sample tweet 3395,negative
sample tweet 3396,positive
sample tweet 3397,negative
sample tweet 3398,positive
sample tweet 3399,negative
sample tweet 3400,neutral
sample tweet 3401,positive
sample tweet 3402,positive
sample tweet 3403,negative
sample tweet 3404,neutral
sample tweet 3405,positive
sample tweet 3406,positive
sample tweet 3407,negative
sample tweet 3408,neutral
sample tweet 3409,positive
sample tweet 3410,neutral
sample tweet 3411,positive
sample tweet 3412,positive
sample tweet 3413,positive
sample tweet 3414,neutral
sample tweet 3415,negative
sample tweet 3416,negative
sample tweet 3417,negative
sample tweet 3418,positive
sample tweet 3419,positive
sample tweet 3420,positive
sample tweet 3421,neutral
sample tweet 3422,negative
sample tweet 3423,positive
sample tweet 3424,positive
sample tweet 3425,neutral
sample tweet 3426,neutral
sample tweet 3427,positive
sample tweet 3428,negative
sample tweet 3429,neutral
sample tweet 3430,negative
sample tweet 3431,positive
sample tweet 3432,negative
sample tweet 3433,positive
sample tweet 3434,neutral
sample tweet 3435,positive
sample tweet 3436,positive
sample tweet 3437,positive
sample tweet 3438,positive
sample tweet 3439,neutral
sample tweet 3440,neutral
sample tweet 3441,positive
sample tweet 3442,positive
sample tweet 3443,positive
sample tweet 3444,neutral
sample tweet 3445,negative
sample tweet 3446,negative
sample tweet 3447,neutral
sample tweet 3448,negative
sample tweet 3449,positive
sample tweet 3450,positive
sample tweet 3451,positive
sample tweet 3452,negative
sample tweet 3453,negative
sample tweet 3454,neutral
sample tweet 3455,negative
sample tweet 3456,negative
sample tweet 3457,positive
sample tweet 3458,negative
sample tweet 3459,positive
sample tweet 3460,positive
sample tweet 3461,neutral
sample tweet 3462,positive
sample tweet 3463,positive
sample tweet 3464,neutral
sample tweet 3465,positive
sample tweet 3466,positive
sample tweet 3467,negative
sample tweet 3468,neutral
sample tweet 3469,negative
sample tweet 3470,positive
sample tweet 3471,negative
sample tweet 3472,neutral
sample tweet 3473,positive
sample tweet 3474,neutral
sample tweet 3475,neutral
sample tweet 3476,neutral
sample tweet 3477,neutral
sample tweet 3478,negative
sample tweet 3479,neutral
sample tweet 3480,positive
sample tweet 3481,neutral
sample tweet 3482,neutral
sample tweet 3483,neutral
sample tweet 3484,positive
sample tweet 3485,neutral
sample tweet 3486,positive
sample tweet 3487,neutral
sample tweet 3488,positive
sample tweet 3489,positive
sample tweet 3490,negative
sample tweet 3491,negative
sample tweet 3492,neutral
sample tweet 3493,neutral
sample tweet 3494,neutral
sample tweet 3495,negative
sample tweet 3496,negative
sample tweet 3497,positive
sample tweet 3498,neutral
sample tweet 3499,neutral
sample tweet 3500,negative
sample tweet 3501,neutral
sample tweet 3502,positive
sample tweet 3503,neutral
sample tweet 3504,positive
sample tweet 3505,neutral
sample tweet 3506,positive
sample tweet 3507,neutral
sample tweet 3508,neutral
sample tweet 3509,negative
sample tweet 3510,neutral
sample tweet 3511,negative
sample tweet 3512,positive
sample tweet 3513,negative
sample tweet 3514,positive
sample tweet 3515,negative
sample tweet 3516,neutral
sample tweet 3517,neutral
sample tweet 3518,positive
sample tweet 3519,negative
sample tweet 3520,neutral
sample tweet 3521,positive
sample tweet 3522,negative
sample tweet 3523,positive
sample tweet 3524,neutral
sample tweet 3525,positive
sample tweet 3526,positive
sample tweet 3527,negative
sample tweet 3528,positive
sample tweet 3529,negative
sample tweet 3530,positive
sample tweet 3531,negative
sample tweet 3532,negative
sample tweet 3533,negative
sample tweet 3534,neutral
sample tweet 3535,positive
sample tweet 3536,negative
sample tweet 3537,positive
sample tweet 3538,negative
sample tweet 3539,neutral
sample tweet 3540,positive
sample tweet 3541,positive
sample tweet 3542,negative
sample tweet 3543,neutral
sample tweet 3544,negative
sample tweet 3545,negative
sample tweet 3546,positive
sample tweet 3547,neutral
sample tweet 3548,positive
sample tweet 3549,positive
sample tweet 3550,positive
sample tweet 3551,neutral
sample tweet 3552,positive
sample tweet 3553,neutral
sample tweet 3554,positive
sample tweet 3555,neutral
sample tweet 3556,positive
sample tweet 3557,positive
sample tweet 3558,positive
sample tweet 3559,neutral
sample tweet 3560,neutral
sample tweet 3561,positive
sample tweet 3562,positive
sample tweet 3563,neutral
sample tweet 3564,neutral
sample tweet 3565,positive
sample tweet 3566,positive
sample tweet 3567,negative
sample tweet 3568,negative
sample tweet 3569,negative
sample tweet 3570,positive
sample tweet 3571,positive
sample tweet 3572,neutral
sample tweet 3573,neutral
sample tweet 3574,positive
sample tweet 3575,neutral
sample tweet 3576,negative
sample tweet 3577,positive
sample tweet 3578,negative
sample tweet 3579,negative
sample tweet 3580,neutral
sample tweet 3581,negative
sample tweet 3582,positive
sample tweet 3583,positive
sample tweet 3584,neutral
sample tweet 3585,neutral
sample tweet 3586,negative
sample tweet 3587,positive
sample tweet 3588,neutral
sample tweet 3589,positive
sample tweet 3590,negative
sample tweet 3591,positive
sample tweet 3592,positive
sample tweet 3593,negative
sample tweet 3594,negative
sample tweet 3595,neutral
sample tweet 3596,positive
sample tweet 3597,negative
sample tweet 3598,negative
sample tweet 3599,positive
sample tweet 3600,negative
sample tweet 3601,negative
sample tweet 3602,neutral
sample tweet 3603,negative
sample tweet 3604,negative
sample tweet 3605,positive
sample tweet 3606,neutral
sample tweet 3607,negative
sample tweet 3608,negative
sample tweet 3609,positive
sample tweet 3610,negative
sample tweet 3611,positive
sample tweet 3612,negative
sample tweet 3613,negative
sample tweet 3614,positive
sample tweet 3615,negative
sample tweet 3616,positive
sample tweet 3617,positive
sample tweet 3618,positive
sample tweet 3619,neutral
sample tweet 3620,neutral
sample tweet 3621,neutral
sample tweet 3622,negative
sample tweet 3623,neutral
sample tweet 3624,negative
sample tweet 3625,neutral
sample tweet 3626,positive
sample tweet 3627,neutral
sample tweet 3628,neutral
sample tweet 3629,positive
sample tweet 3630,neutral
sample tweet 3631,positive
sample tweet 3632,neutral
sample tweet 3633,negative
sample tweet 3634,neutral
sample tweet 3635,negative
sample tweet 3636,negative
sample tweet 3637,positive
sample tweet 3638,positive
sample tweet 3639,neutral
sample tweet 3640,negative
sample tweet 3641,negative
sample tweet 3642,positive
sample tweet 3643,positive
sample tweet 3644,positive
sample tweet 3645,negative
sample tweet 3646,positive
sample tweet 3647,negative
sample tweet 3648,negative
sample tweet 3649,positive
sample tweet 3650,positive
sample tweet 3651,positive
sample tweet 3652,positive
sample tweet 3653,neutral
sample tweet 3654,positive
sample tweet 3655,positive
sample tweet 3656,neutral
sample tweet 3657,neutral
sample tweet 3658,positive
sample tweet 3659,negative
sample tweet 3660,negative
sample tweet 3661,negative
sample tweet 3662,positive
sample tweet 3663,positive
sample tweet 3664,neutral
sample tweet 3665,negative
sample tweet 3666,negative
sample tweet 3667,positive
sample tweet 3668,negative
sample tweet 3669,positive
sample tweet 3670,neutral
sample tweet 3671,positive
sample tweet 3672,neutral
sample tweet 3673,positive
sample tweet 3674,positive
sample tweet 3675,positive
sample tweet 3676,positive
sample tweet 3677,positive
sample tweet 3678,positive
sample tweet 3679,positive
sample tweet 3680,neutral
sample tweet 3681,neutral
sample tweet 3682,positive
sample tweet 3683,positive
sample tweet 3684,positive
sample tweet 3685,positive
sample tweet 3686,neutral
sample tweet 3687,positive
sample tweet 3688,positive
sample tweet 3689,neutral
sample tweet 3690,neutral
sample tweet 3691,negative
sample tweet 3692,positive
sample tweet 3693,neutral
sample tweet 3694,neutral
sample tweet 3695,neutral
sample tweet 3696,negative
sample tweet 3697,negative
sample tweet 3698,negative
sample tweet 3699,positive
sample tweet 3700,neutral
sample tweet 3701,neutral
sample tweet 3702,positive
sample tweet 3703,positive
sample tweet 3704,negative
sample tweet 3705,positive
sample tweet 3706,neutral
sample tweet 3707,neutral
sample tweet 3708,neutral
sample tweet 3709,neutral
sample tweet 3710,neutral
sample tweet 3711,negative
sample tweet 3712,negative
sample tweet 3713,negative
sample tweet 3714,positive
sample tweet 3715,neutral
sample tweet 3716,negative
sample tweet 3717,positive
sample tweet 3718,positive
sample tweet 3719,positive
sample tweet 3720,negative
sample tweet 3721,positive
sample tweet 3722,positive
sample tweet 3723,neutral
sample tweet 3724,negative
sample tweet 3725,positive
sample tweet 3726,neutral
sample tweet 3727,neutral
sample tweet 3728,positive
sample tweet 3729,negative
sample tweet 3730,negative
sample tweet 3731,neutral
sample tweet 3732,positive
sample tweet 3733,negative
sample tweet 3734,positive
sample tweet 3735,positive
sample tweet 3736,positive
sample tweet 3737,neutral
sample tweet 3738,positive
sample tweet 3739,positive
sample tweet 3740,positive
sample tweet 3741,negative
sample tweet 3742,neutral
sample tweet 3743,positive
sample tweet 3744,positive
sample tweet 3745,neutral
sample tweet 3746,positive
sample tweet 3747,negative
sample tweet 3748,positive
sample tweet 3749,negative
sample tweet 3750,positive
sample tweet 3751,neutral
sample tweet 3752,positive
sample tweet 3753,positive
sample tweet 3754,positive
sample tweet 3755,positive
sample tweet 3756,neutral
sample tweet 3757,negative
sample tweet 3758,neutral
sample tweet 3759,positive
sample tweet 3760,neutral
sample tweet 3761,positive
sample tweet 3762,negative
sample tweet 3763,positive
sample tweet 3764,neutral
sample tweet 3765,positive
sample tweet 3766,neutral
sample tweet 3767,neutral
sample tweet 3768,negative
sample tweet 3769,negative
sample tweet 3770,negative
sample tweet 3771,positive
sample tweet 3772,neutral
sample tweet 3773,positive
sample tweet 3774,positive
sample tweet 3775,positive
sample tweet 3776,negative
sample tweet 3777,neutral
sample tweet 3778,negative
sample tweet 3779,positive
sample tweet 3780,neutral
sample tweet 3781,positive
sample tweet 3782,positive
sample tweet 3783,positive
sample tweet 3784,neutral
sample tweet 3785,neutral
sample tweet 3786,negative
sample tweet 3787,neutral
sample tweet 3788,neutral
sample tweet 3789,positive
sample tweet 3790,positive
sample tweet 3791,positive
sample tweet 3792,positive
sample tweet 3793,negative
sample tweet 3794,positive
sample tweet 3795,negative
sample tweet 3796,negative
sample tweet 3797,negative
sample tweet 3798,negative
sample tweet 3799,positive
sample tweet 3800,neutral
sample tweet 3801,neutral
sample tweet 3802,positive
sample tweet 3803,positive
sample tweet 3804,positive
sample tweet 3805,negative
sample tweet 3806,neutral
sample tweet 3807,positive
sample tweet 3808,negative
sample tweet 3809,positive
sample tweet 3810,positive
sample tweet 3811,positive
sample tweet 3812,neutral
sample tweet 3813,positive
sample tweet 3814,negative
sample tweet 3815,positive
sample tweet 3816,negative
sample tweet 3817,positive
sample tweet 3818,positive
sample tweet 3819,positive
sample tweet 3820,positive
sample tweet 3821,neutral
sample tweet 3822,negative
sample tweet 3823,neutral
sample tweet 3824,neutral
sample tweet 3825,neutral
sample tweet 3826,neutral
sample tweet 3827,positive
sample tweet 3828,neutral
sample tweet 3829,positive
sample tweet 3830,neutral
sample tweet 3831,positive
sample tweet 3832,positive
sample tweet 3833,neutral
sample tweet 3834,positive
sample tweet 3835,neutral
sample tweet 3836,negative
sample tweet 3837,positive
sample tweet 3838,positive
sample tweet 3839,negative
sample tweet 3840,negative
sample tweet 3841,negative
sample tweet 3842,negative
sample tweet 3843,positive
sample tweet 3844,positive
sample tweet 3845,neutral
sample tweet 3846,neutral
sample tweet 3847,positive
sample tweet 3848,positive
sample tweet 3849,negative
sample tweet 3850,negative
sample tweet 3851,positive
sample tweet 3852,negative
sample tweet 3853,positive
sample tweet 3854,neutral
sample tweet 3855,positive
sample tweet 3856,positive
sample tweet 3857,negative
sample tweet 3858,positive
sample tweet 3859,negative
sample tweet 3860,negative
sample tweet 3861,positive
sample tweet 3862,positive
sample tweet 3863,negative
sample tweet 3864,positive
sample tweet 3865,neutral
sample tweet 3866,neutral
sample tweet 3867,negative
sample tweet 3868,negative
sample tweet 3869,positive
sample tweet 3870,negative
sample tweet 3871,positive
sample tweet 3872,positive
sample tweet 3873,neutral
sample tweet 3874,neutral
sample tweet 3875,positive
sample tweet 3876,negative
sample tweet 3877,positive
sample tweet 3878,positive
sample tweet 3879,negative
sample tweet 3880,positive
sample tweet 3881,neutral
sample tweet 3882,positive
sample tweet 3883,positive
sample tweet 3884,negative
sample tweet 3885,positive
sample tweet 3886,negative
sample tweet 3887,positive
sample tweet 3888,positive
sample tweet 3889,positive
sample tweet 3890,positive
sample tweet 3891,positive
sample tweet 3892,positive
sample tweet 3893,positive
sample tweet 3894,neutral
sample tweet 3895,neutral
sample tweet 3896,positive
sample tweet 3897,neutral
sample tweet 3898,positive
sample tweet 3899,positive
sample tweet 3900,negative
sample tweet 3901,neutral
sample tweet 3902,negative
sample tweet 3903,positive
sample tweet 3904,positive
sample tweet 3905,positive
sample tweet 3906,positive
sample tweet 3907,neutral
sample tweet 3908,positive
sample tweet 3909,positive
sample tweet 3910,negative
sample tweet 3911,positive
sample tweet 3912,positive
sample tweet 3913,neutral
sample tweet 3914,neutral
sample tweet 3915,neutral
sample tweet 3916,negative
sample tweet 3917,positive
sample tweet 3918,negative
sample tweet 3919,negative
sample tweet 3920,negative
sample tweet 3921,negative
sample tweet 3922,negative
sample tweet 3923,positive
sample tweet 3924,positive
sample tweet 3925,positive
sample tweet 3926,positive
sample tweet 3927,neutral
sample tweet 3928,positive
sample tweet 3929,negative
sample tweet 3930,positive
sample tweet 3931,neutral
sample tweet 3932,negative
sample tweet 3933,negative
sample tweet 3934,neutral
sample tweet 3935,positive
sample tweet 3936,neutral
sample tweet 3937,neutral
sample tweet 3938,positive
sample tweet 3939,neutral
sample tweet 3940,positive
sample tweet 3941,neutral
sample tweet 3942,negative
sample tweet 3943,positive
sample tweet 3944,neutral
sample tweet 3945,positive
sample tweet 3946,positive
sample tweet 3947,negative
sample tweet 3948,positive
sample tweet 3949,negative
sample tweet 3950,neutral
sample tweet 3951,positive
sample tweet 3952,neutral
sample tweet 3953,positive
sample tweet 3954,positive
sample tweet 3955,positive
sample tweet 3956,positive
sample tweet 3957,neutral
sample tweet 3958,positive
sample tweet 3959,negative
sample tweet 3960,positive
sample tweet 3961,positive
sample tweet 3962,negative
sample tweet 3963,neutral
sample tweet 3964,negative
sample tweet 3965,negative
sample tweet 3966,positive
sample tweet 3967,negative
sample tweet 3968,positive
sample tweet 3969,negative
sample tweet 3970,positive
sample tweet 3971,positive
sample tweet 3972,negative
sample tweet 3973,neutral
sample tweet 3974,positive
sample tweet 3975,positive
sample tweet 3976,positive
sample tweet 3977,neutral
sample tweet 3978,neutral
sample tweet 3979,negative
sample tweet 3980,positive
sample tweet 3981,positive
sample tweet 3982,positive
sample tweet 3983,neutral
sample tweet 3984,negative
sample tweet 3985,positive
sample tweet 3986,neutral
sample tweet 3987,negative
sample tweet 3988,positive
sample tweet 3989,neutral
sample tweet 3990,negative
sample tweet 3991,neutral
sample tweet 3992,neutral
sample tweet 3993,negative
sample tweet 3994,positive
sample tweet 3995,positive
sample tweet 3996,positive
sample tweet 3997,negative
sample tweet 3998,positive
sample tweet 3999,positive
sample tweet 4000,positive
sample tweet 4001,neutral
sample tweet 4002,positive
sample tweet 4003,positive
sample tweet 4004,positive
sample tweet 4005,positive
sample tweet 4006,positive
sample tweet 4007,negative
sample tweet 4008,positive
sample tweet 4009,neutral
sample tweet 4010,neutral
sample tweet 4011,positive
sample tweet 4012,negative
sample tweet 4013,positive
sample tweet 4014,positive
sample tweet 4015,neutral
sample tweet 4016,negative
sample tweet 4017,positive
sample tweet 4018,positive
sample tweet 4019,positive
sample tweet 4020,neutral
sample tweet 4021,positive
sample tweet 4022,positive
sample tweet 4023,neutral
sample tweet 4024,positive
sample tweet 4025,positive
sample tweet 4026,negative
sample tweet 4027,negative
sample tweet 4028,positive
sample tweet 4029,negative
sample tweet 4030,positive
sample tweet 4031,positive
sample tweet 4032,positive
sample tweet 4033,negative
sample tweet 4034,negative
sample tweet 4035,negative
sample tweet 4036,negative
sample tweet 4037,positive
sample tweet 4038,positive
sample tweet 4039,positive
sample tweet 4040,positive
sample tweet 4041,negative
sample tweet 4042,neutral
sample tweet 4043,positive
sample tweet 4044,positive
sample tweet 4045,positive
sample tweet 4046,positive
sample tweet 4047,neutral
sample tweet 4048,positive
sample tweet 4049,neutral
sample tweet 4050,positive
sample tweet 4051,neutral
sample tweet 4052,positive
sample tweet 4053,negative
sample tweet 4054,negative
sample tweet 4055,neutral
sample tweet 4056,positive
sample tweet 4057,positive
sample tweet 4058,positive
sample tweet 4059,neutral
sample tweet 4060,neutral
sample tweet 4061,positive
sample tweet 4062,positive
sample tweet 4063,negative
sample tweet 4064,neutral
sample tweet 4065,positive
sample tweet 4066,positive
sample tweet 4067,positive
sample tweet 4068,positive
sample tweet 4069,neutral
sample tweet 4070,positive
sample tweet 4071,positive
sample tweet 4072,positive
sample tweet 4073,negative
sample tweet 4074,neutral
sample tweet 4075,positive
sample tweet 4076,neutral
sample tweet 4077,positive
sample tweet 4078,positive
sample tweet 4079,positive
sample tweet 4080,positive
sample tweet 4081,negative
sample tweet 4082,neutral
sample tweet 4083,negative
sample tweet 4084,negative
sample tweet 4085,neutral
sample tweet 4086,negative
sample tweet 4087,positive
sample tweet 4088,neutral
sample tweet 4089,positive
sample tweet 4090,positive
sample tweet 4091,positive
sample tweet 4092,positive
sample tweet 4093,neutral
sample tweet 4094,positive
sample tweet 4095,negative
sample tweet 4096,positive
sample tweet 4097,negative
sample tweet 4098,negative
sample tweet 4099,negative
sample tweet 4100,neutral
sample tweet 4101,positive
sample tweet 4102,positive
sample tweet 4103,positive
sample tweet 4104,positive
sample tweet 4105,positive
sample tweet 4106,negative
sample tweet 4107,positive
sample tweet 4108,negative
sample tweet 4109,positive
sample tweet 4110,neutral
sample tweet 4111,positive
sample tweet 4112,negative
sample tweet 4113,neutral
sample tweet 4114,positive
sample tweet 4115,positive
sample tweet 4116,positive
sample tweet 4117,positive
sample tweet 4118,positive
sample tweet 4119,positive
sample tweet 4120,negative
sample tweet 4121,positive
sample tweet 4122,positive
sample tweet 4123,positive
sample tweet 4124,negative
sample tweet 4125,positive
sample tweet 4126,negative
sample tweet 4127,positive
sample tweet 4128,negative
sample tweet 4129,positive
sample tweet 4130,negative
sample tweet 4131,positive
sample tweet 4132,positive
sample tweet 4133,negative
sample tweet 4134,neutral
sample tweet 4135,neutral
sample tweet 4136,positive
sample tweet 4137,negative
sample tweet 4138,neutral
sample tweet 4139,neutral
sample tweet 4140,positive
sample tweet 4141,positive
sample tweet 4142,positive
sample tweet 4143,positive
sample tweet 4144,positive
sample tweet 4145,negative
sample tweet 4146,negative
sample tweet 4147,positive
sample tweet 4148,positive
sample tweet 4149,positive
sample tweet 4150,neutral
sample tweet 4151,positive
sample tweet 4152,positive
sample tweet 4153,neutral
sample tweet 4154,positive
sample tweet 4155,negative
sample tweet 4156,negative
sample tweet 4157,neutral
sample tweet 4158,positive
sample tweet 4159,neutral
sample tweet 4160,negative
sample tweet 4161,neutral
sample tweet 4162,positive
sample tweet 4163,positive
sample tweet 4164,neutral
sample tweet 4165,negative
sample tweet 4166,positive
sample tweet 4167,neutral
sample tweet 4168,negative
sample tweet 4169,negative
sample tweet 4170,negative
sample tweet 4171,positive
sample tweet 4172,positive
sample tweet 4173,neutral
sample tweet 4174,positive
sample tweet 4175,positive
sample tweet 4176,positive
sample tweet 4177,neutral
sample tweet 4178,positive
sample tweet 4179,neutral
sample tweet 4180,neutral
sample tweet 4181,neutral
sample tweet 4182,negative
sample tweet 4183,negative
sample tweet 4184,positive
sample tweet 4185,neutral
sample tweet 4186,neutral
sample tweet 4187,negative
sample tweet 4188,positive
sample tweet 4189,positive
sample tweet 4190,neutral
sample tweet 4191,negative
sample tweet 4192,negative
sample tweet 4193,positive
sample tweet 4194,negative
sample tweet 4195,negative
sample tweet 4196,positive
sample tweet 4197,positive
sample tweet 4198,positive
sample tweet 4199,positive
sample tweet 4200,positive
sample tweet 4201,neutral
sample tweet 4202,positive
sample tweet 4203,positive
sample tweet 4204,negative
sample tweet 4205,positive
sample tweet 4206,positive
sample tweet 4207,positive
sample tweet 4208,neutral
sample tweet 4209,positive
sample tweet 4210,positive
sample tweet 4211,neutral
sample tweet 4212,positive
sample tweet 4213,negative
sample tweet 4214,negative
sample tweet 4215,positive
sample tweet 4216,negative
sample tweet 4217,positive
sample tweet 4218,positive
sample tweet 4219,neutral
sample tweet 4220,neutral
sample tweet 4221,negative
sample tweet 4222,positive
sample tweet 4223,positive
sample tweet 4224,neutral
sample tweet 4225,positive
sample tweet 4226,neutral
sample tweet 4227,positive
sample tweet 4228,neutral
sample tweet 4229,negative
sample tweet 4230,positive
sample tweet 4231,positive
sample tweet 4232,neutral
sample tweet 4233,positive
sample tweet 4234,positive
sample tweet 4235,positive
sample tweet 4236,negative
sample tweet 4237,positive
sample tweet 4238,negative
sample tweet 4239,positive
sample tweet 4240,neutral
sample tweet 4241,negative
sample tweet 4242,neutral
sample tweet 4243,positive
sample tweet 4244,positive
sample tweet 4245,positive
sample tweet 4246,positive
sample tweet 4247,neutral
sample tweet 4248,positive
sample tweet 4249,positive
sample tweet 4250,negative
sample tweet 4251,positive
sample tweet 4252,positive
sample tweet 4253,positive
sample tweet 4254,neutral
sample tweet 4255,negative
sample tweet 4256,positive
sample tweet 4257,positive
sample tweet 4258,negative
sample tweet 4259,negative
sample tweet 4260,positive
sample tweet 4261,neutral
sample tweet 4262,neutral
sample tweet 4263,neutral
sample tweet 4264,positive
sample tweet 4265,positive
sample tweet 4266,neutral
sample tweet 4267,positive
sample tweet 4268,positive
sample tweet 4269,positive
sample tweet 4270,positive
sample tweet 4271,positive
sample tweet 4272,neutral
sample tweet 4273,positive
sample tweet 4274,positive
sample tweet 4275,negative
sample tweet 4276,positive
sample tweet 4277,neutral
sample tweet 4278,positive
sample tweet 4279,negative
sample tweet 4280,negative
sample tweet 4281,neutral
sample tweet 4282,negative
sample tweet 4283,positive
sample tweet 4284,positive
sample tweet 4285,negative
sample tweet 4286,positive
sample tweet 4287,positive
sample tweet 4288,positive
sample tweet 4289,negative
sample tweet 4290,negative
sample tweet 4291,neutral
sample tweet 4292,positive
sample tweet 4293,neutral
sample tweet 4294,neutral
sample tweet 4295,positive
sample tweet 4296,positive
sample tweet 4297,negative
sample tweet 4298,positive
sample tweet 4299,positive
sample tweet 4300,neutral
sample tweet 4301,neutral
sample tweet 4302,positive
sample tweet 4303,neutral
sample tweet 4304,neutral
sample tweet 4305,positive
sample tweet 4306,positive
sample tweet 4307,positive
sample tweet 4308,negative
sample tweet 4309,negative
sample tweet 4310,positive
sample tweet 4311,positive
sample tweet 4312,negative
sample tweet 4313,positive
sample tweet 4314,neutral
sample tweet 4315,neutral
sample tweet 4316,neutral
sample tweet 4317,positive
sample tweet 4318,negative
sample tweet 4319,positive
sample tweet 4320,negative
sample tweet 4321,positive
sample tweet 4322,neutral
sample tweet 4323,positive
sample tweet 4324,positive
sample tweet 4325,neutral
sample tweet 4326,neutral
sample tweet 4327,positive
sample tweet 4328,positive
sample tweet 4329,negative
sample tweet 4330,negative
sample tweet 4331,neutral
sample tweet 4332,neutral
sample tweet 4333,negative
sample tweet 4334,positive
sample tweet 4335,neutral
sample tweet 4336,neutral
sample tweet 4337,negative
sample tweet 4338,negative
sample tweet 4339,negative
sample tweet 4340,positive
sample tweet 4341,neutral
sample tweet 4342,neutral
sample tweet 4343,neutral
sample tweet 4344,neutral
sample tweet 4345,neutral
sample tweet 4346,neutral
sample tweet 4347,positive
sample tweet 4348,positive
sample tweet 4349,positive
sample tweet 4350,neutral
sample tweet 4351,negative
sample tweet 4352,negative
sample tweet 4353,neutral
sample tweet 4354,positive
sample tweet 4355,positive
sample tweet 4356,positive
sample tweet 4357,positive
sample tweet 4358,positive
sample tweet 4359,positive
sample tweet 4360,negative
sample tweet 4361,negative
sample tweet 4362,neutral
sample tweet 4363,positive
sample tweet 4364,negative
sample tweet 4365,neutral
sample tweet 4366,neutral
sample tweet 4367,positive
sample tweet 4368,positive
sample tweet 4369,negative
sample tweet 4370,positive
sample tweet 4371,neutral
sample tweet 4372,neutral
sample tweet 4373,neutral
sample tweet 4374,negative
sample tweet 4375,positive
sample tweet 4376,neutral
sample tweet 4377,negative
sample tweet 4378,neutral
sample tweet 4379,positive
sample tweet 4380,neutral
sample tweet 4381,positive
sample tweet 4382,neutral
sample tweet 4383,positive
sample tweet 4384,neutral
sample tweet 4385,positive
sample tweet 4386,neutral
sample tweet 4387,positive
sample tweet 4388,neutral
sample tweet 4389,negative
sample tweet 4390,neutral
sample tweet 4391,negative
sample tweet 4392,negative
sample tweet 4393,neutral
sample tweet 4394,negative
sample tweet 4395,positive
sample tweet 4396,neutral
sample tweet 4397,neutral
sample tweet 4398,positive
sample tweet 4399,positive
sample tweet 4400,positive
sample tweet 4401,negative
sample tweet 4402,neutral
sample tweet 4403,negative
sample tweet 4404,positive
sample tweet 4405,positive
sample tweet 4406,positive
sample tweet 4407,positive
sample tweet 4408,negative
sample tweet 4409,positive
sample tweet 4410,positive
sample tweet 4411,positive
sample tweet 4412,positive
sample tweet 4413,neutral
sample tweet 4414,neutral
sample tweet 4415,negative
sample tweet 4416,neutral
sample tweet 4417,neutral
sample tweet 4418,neutral
sample tweet 4419,neutral
sample tweet 4420,positive
sample tweet 4421,neutral
sample tweet 4422,negative
sample tweet 4423,positive
sample tweet 4424,positive
sample tweet 4425,positive
sample tweet 4426,positive
sample tweet 4427,negative
sample tweet 4428,positive
sample tweet 4429,negative
sample tweet 4430,neutral
sample tweet 4431,negative
sample tweet 4432,positive
sample tweet 4433,negative
sample tweet 4434,positive
sample tweet 4435,positive
sample tweet 4436,positive
sample tweet 4437,positive
sample tweet 4438,positive
sample tweet 4439,negative
sample tweet 4440,positive
sample tweet 4441,negative
sample tweet 4442,positive
sample tweet 4443,positive
sample tweet 4444,neutral
sample tweet 4445,positive
sample tweet 4446,positive
sample tweet 4447,negative
sample tweet 4448,neutral
sample tweet 4449,negative
sample tweet 4450,positive
sample tweet 4451,neutral
sample tweet 4452,positive
sample tweet 4453,positive
sample tweet 4454,positive
sample tweet 4455,positive
sample tweet 4456,negative
sample tweet 4457,neutral
sample tweet 4458,neutral
sample tweet 4459,neutral
sample tweet 4460,neutral
sample tweet 4461,positive
sample tweet 4462,positive
sample tweet 4463,positive
sample tweet 4464,negative
sample tweet 4465,positive
sample tweet 4466,positive
sample tweet 4467,negative
sample tweet 4468,positive
sample tweet 4469,positive
sample tweet 4470,neutral
sample tweet 4471,negative
sample tweet 4472,positive
sample tweet 4473,positive
sample tweet 4474,neutral
sample tweet 4475,positive
sample tweet 4476,negative
sample tweet 4477,negative
sample tweet 4478,neutral
sample tweet 4479,positive
sample tweet 4480,negative
sample tweet 4481,positive
sample tweet 4482,positive
sample tweet 4483,positive
sample tweet 4484,negative
sample tweet 4485,positive
sample tweet 4486,positive
sample tweet 4487,neutral
sample tweet 4488,neutral
sample tweet 4489,negative
sample tweet 4490,neutral
sample tweet 4491,neutral
sample tweet 4492,negative
sample tweet 4493,positive
sample tweet 4494,neutral
sample tweet 4495,neutral
sample tweet 4496,positive
sample tweet 4497,positive
sample tweet 4498,neutral
sample tweet 4499,positive
sample tweet 4500,positive
sample tweet 4501,neutral
sample tweet 4502,negative
sample tweet 4503,positive
sample tweet 4504,negative
sample tweet 4505,neutral
sample tweet 4506,positive
sample tweet 4507,positive
sample tweet 4508,negative
sample tweet 4509,neutral
sample tweet 4510,positive
sample tweet 4511,positive
sample tweet 4512,positive
sample tweet 4513,positive
sample tweet 4514,negative
sample tweet 4515,negative
sample tweet 4516,negative
sample tweet 4517,neutral
sample tweet 4518,neutral
sample tweet 4519,negative
sample tweet 4520,positive
sample tweet 4521,positive
sample tweet 4522,negative
sample tweet 4523,positive
sample tweet 4524,negative
sample tweet 4525,neutral
sample tweet 4526,neutral
sample tweet 4527,negative
sample tweet 4528,negative
sample tweet 4529,positive
sample tweet 4530,neutral
sample tweet 4531,positive
sample tweet 4532,positive
sample tweet 4533,positive
sample tweet 4534,positive
sample tweet 4535,negative
sample tweet 4536,positive
sample tweet 4537,negative
sample tweet 4538,negative
sample tweet 4539,positive
sample tweet 4540,positive
sample tweet 4541,positive
sample tweet 4542,positive
sample tweet 4543,neutral
sample tweet 4544,negative
sample tweet 4545,positive
sample tweet 4546,neutral
sample tweet 4547,positive
sample tweet 4548,negative
sample tweet 4549,positive
sample tweet 4550,positive
sample tweet 4551,positive
sample tweet 4552,neutral
sample tweet 4553,positive
sample tweet 4554,neutral
sample tweet 4555,positive
sample tweet 4556,positive
sample tweet 4557,positive
sample tweet 4558,positive
sample tweet 4559,neutral
sample tweet 4560,negative
sample tweet 4561,neutral
sample tweet 4562,positive
sample tweet 4563,positive
sample tweet 4564,neutral
sample tweet 4565,neutral
sample tweet 4566,neutral
sample tweet 4567,positive
sample tweet 4568,neutral
sample tweet 4569,positive
sample tweet 4570,positive
sample tweet 4571,negative
sample tweet 4572,positive
sample tweet 4573,positive
sample tweet 4574,positive
sample tweet 4575,neutral
sample tweet 4576,positive
sample tweet 4577,positive
sample tweet 4578,neutral
sample tweet 4579,positive
sample tweet 4580,negative
sample tweet 4581,positive
sample tweet 4582,negative
sample tweet 4583,negative
sample tweet 4584,positive
sample tweet 4585,neutral
sample tweet 4586,negative
sample tweet 4587,neutral
sample tweet 4588,negative
sample tweet 4589,neutral
sample tweet 4590,positive
sample tweet 4591,positive
sample tweet 4592,positive
sample tweet 4593,positive
sample tweet 4594,neutral
sample tweet 4595,positive
sample tweet 4596,positive
sample tweet 4597,neutral
sample tweet 4598,positive
sample tweet 4599,negative
sample tweet 4600,positive
sample tweet 4601,positive
sample tweet 4602,neutral
sample tweet 4603,negative
sample tweet 4604,neutral
sample tweet 4605,positive
sample tweet 4606,positive
sample tweet 4607,negative
sample tweet 4608,positive
sample tweet 4609,negative
sample tweet 4610,positive
sample tweet 4611,positive
sample tweet 4612,negative
sample tweet 4613,neutral
sample tweet 4614,neutral
sample tweet 4615,neutral
sample tweet 4616,positive
sample tweet 4617,negative
sample tweet 4618,negative
sample tweet 4619,negative
sample tweet 4620,positive
sample tweet 4621,positive
sample tweet 4622,positive
sample tweet 4623,neutral
sample tweet 4624,negative
sample tweet 4625,positive
sample tweet 4626,positive
sample tweet 4627,neutral
sample tweet 4628,negative
sample tweet 4629,negative
sample tweet 4630,neutral
sample tweet 4631,negative
sample tweet 4632,positive
sample tweet 4633,neutral
sample tweet 4634,negative
sample tweet 4635,negative
sample tweet 4636,negative
sample tweet 4637,positive
sample tweet 4638,positive
sample tweet 4639,negative
sample tweet 4640,neutral
sample tweet 4641,positive
sample tweet 4642,negative
sample tweet 4643,positive
sample tweet 4644,positive
sample tweet 4645,positive
sample tweet 4646,positive
sample tweet 4647,positive
sample tweet 4648,positive
sample tweet 4649,positive
sample tweet 4650,neutral
sample tweet 4651,positive
sample tweet 4652,positive
sample tweet 4653,negative
sample tweet 4654,negative
sample tweet 4655,positive
sample tweet 4656,negative
sample tweet 4657,neutral
sample tweet 4658,neutral
sample tweet 4659,neutral
sample tweet 4660,neutral
sample tweet 4661,neutral
sample tweet 4662,positive
sample tweet 4663,negative
sample tweet 4664,positive
sample tweet 4665,positive
sample tweet 4666,neutral
sample tweet 4667,neutral
sample tweet 4668,neutral
sample tweet 4669,negative
sample tweet 4670,positive
sample tweet 4671,positive
sample tweet 4672,negative
sample tweet 4673,positive
sample tweet 4674,positive
sample tweet 4675,positive
sample tweet 4676,positive
sample tweet 4677,negative
sample tweet 4678,positive
sample tweet 4679,positive
sample tweet 4680,positive
sample tweet 4681,neutral
sample tweet 4682,positive
sample tweet 4683,negative
sample tweet 4684,positive
sample tweet 4685,positive
sample tweet 4686,neutral
sample tweet 4687,neutral
sample tweet 4688,positive
sample tweet 4689,neutral
sample tweet 4690,neutral
sample tweet 4691,positive
sample tweet 4692,negative
sample tweet 4693,positive
sample tweet 4694,negative
sample tweet 4695,positive
sample tweet 4696,neutral
sample tweet 4697,positive
sample tweet 4698,positive
sample tweet 4699,neutral
sample tweet 4700,negative
sample tweet 4701,positive
sample tweet 4702,positive
sample tweet 4703,positive
sample tweet 4704,neutral
sample tweet 4705,positive
sample tweet 4706,positive
sample tweet 4707,neutral
sample tweet 4708,positive
sample tweet 4709,positive
sample tweet 4710,neutral
sample tweet 4711,positive
sample tweet 4712,negative
sample tweet 4713,positive
sample tweet 4714,neutral
sample tweet 4715,neutral
sample tweet 4716,positive
sample tweet 4717,positive
sample tweet 4718,positive
sample tweet 4719,positive
sample tweet 4720,positive
sample tweet 4721,positive
sample tweet 4722,negative
sample tweet 4723,positive
sample tweet 4724,positive
sample tweet 4725,positive
sample tweet 4726,positive
sample tweet 4727,negative
sample tweet 4728,positive
sample tweet 4729,positive
sample tweet 4730,negative
sample tweet 4731,positive
sample tweet 4732,negative
sample tweet 4733,positive
sample tweet 4734,negative
sample tweet 4735,positive
sample tweet 4736,neutral
sample tweet 4737,neutral
sample tweet 4738,positive
sample tweet 4739,positive
sample tweet 4740,positive
sample tweet 4741,positive
sample tweet 4742,neutral
sample tweet 4743,neutral
sample tweet 4744,neutral
sample tweet 4745,positive
sample tweet 4746,positive
sample tweet 4747,positive
sample tweet 4748,neutral
sample tweet 4749,negative
sample tweet 4750,positive
sample tweet 4751,negative
sample tweet 4752,negative
sample tweet 4753,positive
sample tweet 4754,neutral
sample tweet 4755,positive
sample tweet 4756,negative
sample tweet 4757,negative
sample tweet 4758,neutral
sample tweet 4759,neutral
sample tweet 4760,negative
sample tweet 4761,negative
sample tweet 4762,positive
sample tweet 4763,positive
sample tweet 4764,positive
sample tweet 4765,negative
sample tweet 4766,neutral
sample tweet 4767,neutral
sample tweet 4768,positive
sample tweet 4769,negative
sample tweet 4770,positive
sample tweet 4771,positive
sample tweet 4772,positive
sample tweet 4773,neutral
sample tweet 4774,neutral
sample tweet 4775,negative
sample tweet 4776,positive
sample tweet 4777,neutral
sample tweet 4778,positive
sample tweet 4779,positive
sample tweet 4780,neutral
sample tweet 4781,positive
sample tweet 4782,negative
sample tweet 4783,positive
sample tweet 4784,neutral
sample tweet 4785,positive
sample tweet 4786,positive
sample tweet 4787,positive
sample tweet 4788,positive
sample tweet 4789,positive
sample tweet 4790,negative
sample tweet 4791,negative
sample tweet 4792,positive
sample tweet 4793,positive
sample tweet 4794,negative
sample tweet 4795,positive
sample tweet 4796,positive
sample tweet 4797,positive
sample tweet 4798,neutral
sample tweet 4799,negative
sample tweet 4800,positive
sample tweet 4801,positive
sample tweet 4802,neutral
sample tweet 4803,neutral
sample tweet 4804,neutral
sample tweet 4805,neutral
sample tweet 4806,positive
sample tweet 4807,neutral
sample tweet 4808,positive
sample tweet 4809,neutral
sample tweet 4810,neutral
sample tweet 4811,positive
sample tweet 4812,positive
sample tweet 4813,positive
sample tweet 4814,positive
sample tweet 4815,neutral
sample tweet 4816,positive
sample tweet 4817,positive
sample tweet 4818,positive
sample tweet 4819,neutral
sample tweet 4820,positive
sample tweet 4821,negative
sample tweet 4822,positive
sample tweet 4823,positive
sample tweet 4824,negative
sample tweet 4825,neutral
sample tweet 4826,positive
sample tweet 4827,negative
sample tweet 4828,negative
sample tweet 4829,positive
sample tweet 4830,neutral
sample tweet 4831,positive
sample tweet 4832,positive
sample tweet 4833,positive
sample tweet 4834,positive
sample tweet 4835,positive
sample tweet 4836,neutral
sample tweet 4837,neutral
sample tweet 4838,neutral
sample tweet 4839,neutral
sample tweet 4840,positive
sample tweet 4841,positive
sample tweet 4842,neutral
sample tweet 4843,positive
sample tweet 4844,positive
sample tweet 4845,neutral
sample tweet 4846,neutral
sample tweet 4847,positive
sample tweet 4848,positive
sample tweet 4849,positive
sample tweet 4850,neutral
sample tweet 4851,positive
sample tweet 4852,positive
sample tweet 4853,positive
sample tweet 4854,positive
sample tweet 4855,positive
sample tweet 4856,neutral
sample tweet 4857,negative
sample tweet 4858,negative
sample tweet 4859,negative
sample tweet 4860,positive
sample tweet 4861,neutral
sample tweet 4862,positive
sample tweet 4863,positive
sample tweet 4864,neutral
sample tweet 4865,positive
sample tweet 4866,positive
sample tweet 4867,positive
sample tweet 4868,positive
sample tweet 4869,neutral
sample tweet 4870,neutral
sample tweet 4871,neutral
sample tweet 4872,positive
sample tweet 4873,negative
sample tweet 4874,positive
sample tweet 4875,positive
sample tweet 4876,positive
sample tweet 4877,neutral
sample tweet 4878,neutral
sample tweet 4879,neutral
sample tweet 4880,neutral
sample tweet 4881,negative
sample tweet 4882,positive
sample tweet 4883,neutral
sample tweet 4884,positive
sample tweet 4885,positive
sample tweet 4886,positive
sample tweet 4887,positive
sample tweet 4888,positive
sample tweet 4889,negative
sample tweet 4890,negative
sample tweet 4891,neutral
sample tweet 4892,negative
sample tweet 4893,positive
sample tweet 4894,positive
sample tweet 4895,positive
sample tweet 4896,positive
sample tweet 4897,neutral
sample tweet 4898,positive
sample tweet 4899,neutral
sample tweet 4900,positive
sample tweet 4901,positive
sample tweet 4902,positive
sample tweet 4903,negative
sample tweet 4904,negative
sample tweet 4905,positive
sample tweet 4906,neutral
sample tweet 4907,positive
sample tweet 4908,positive
sample tweet 4909,positive
sample tweet 4910,negative
sample tweet 4911,negative
sample tweet 4912,positive
sample tweet 4913,negative
sample tweet 4914,positive
sample tweet 4915,positive
sample tweet 4916,negative
sample tweet 4917,positive
sample tweet 4918,positive
sample tweet 4919,negative
sample tweet 4920,positive
sample tweet 4921,positive
sample tweet 4922,negative
sample tweet 4923,negative
sample tweet 4924,positive
sample tweet 4925,positive
sample tweet 4926,neutral
sample tweet 4927,positive
sample tweet 4928,neutral
sample tweet 4929,negative
sample tweet 4930,neutral
sample tweet 4931,neutral
sample tweet 4932,positive
sample tweet 4933,neutral
sample tweet 4934,negative
sample tweet 4935,positive
sample tweet 4936,negative
sample tweet 4937,neutral
sample tweet 4938,positive
sample tweet 4939,neutral
sample tweet 4940,negative
sample tweet 4941,positive
sample tweet 4942,neutral
sample tweet 4943,positive
sample tweet 4944,negative
sample tweet 4945,negative
sample tweet 4946,positive
sample tweet 4947,positive
sample tweet 4948,negative
sample tweet 4949,negative
sample tweet 4950,neutral
sample tweet 4951,neutral
sample tweet 4952,neutral
sample tweet 4953,positive
sample tweet 4954,neutral
sample tweet 4955,neutral
sample tweet 4956,positive
sample tweet 4957,positive
sample tweet 4958,positive
sample tweet 4959,positive
sample tweet 4960,negative
sample tweet 4961,positive
sample tweet 4962,positive
sample tweet 4963,positive
sample tweet 4964,negative
sample tweet 4965,positive
sample tweet 4966,positive
sample tweet 4967,positive
sample tweet 4968,neutral
sample tweet 4969,neutral
sample tweet 4970,positive
sample tweet 4971,neutral
sample tweet 4972,neutral
sample tweet 4973,negative
sample tweet 4974,neutral
sample tweet 4975,positive
sample tweet 4976,neutral
sample tweet 4977,negative
sample tweet 4978,positive
sample tweet 4979,positive
sample tweet 4980,positive
sample tweet 4981,negative
sample tweet 4982,negative
sample tweet 4983,positive
sample tweet 4984,positive
sample tweet 4985,neutral
sample tweet 4986,neutral
sample tweet 4987,neutral
sample tweet 4988,negative
sample tweet 4989,positive
sample tweet 4990,positive
sample tweet 4991,neutral
sample tweet 4992,positive
sample tweet 4993,neutral
sample tweet 4994,negative
sample tweet 4995,positive
sample tweet 4996,neutral
sample tweet 4997,positive
sample tweet 4998,positive
sample tweet 4999,negative
sample tweet 5000,positive
sample tweet 5001,positive
sample tweet 5002,neutral
sample tweet 5003,positive
sample tweet 5004,positive
sample tweet 5005,negative
sample tweet 5006,neutral
sample tweet 5007,positive
sample tweet 5008,negative
sample tweet 5009,positive
sample tweet 5010,positive
sample tweet 5011,positive
sample tweet 5012,negative
sample tweet 5013,positive
sample tweet 5014,neutral
sample tweet 5015,neutral
sample tweet 5016,positive
sample tweet 5017,positive
sample tweet 5018,positive
sample tweet 5019,negative
sample tweet 5020,positive
sample tweet 5021,negative
sample tweet 5022,positive
sample tweet 5023,positive
sample tweet 5024,negative
sample tweet 5025,positive
sample tweet 5026,positive
sample tweet 5027,positive
sample tweet 5028,negative
sample tweet 5029,neutral
sample tweet 5030,positive
sample tweet 5031,positive
sample tweet 5032,neutral
sample tweet 5033,neutral
sample tweet 5034,neutral
sample tweet 5035,positive
sample tweet 5036,positive
sample tweet 5037,positive
sample tweet 5038,positive
sample tweet 5039,positive
sample tweet 5040,neutral
sample tweet 5041,positive
sample tweet 5042,positive
sample tweet 5043,negative
sample tweet 5044,negative
sample tweet 5045,positive
sample tweet 5046,negative
sample tweet 5047,positive
sample tweet 5048,positive
sample tweet 5049,neutral
sample tweet 5050,neutral
sample tweet 5051,positive
sample tweet 5052,negative
sample tweet 5053,positive
sample tweet 5054,negative
sample tweet 5055,positive
sample tweet 5056,positive
sample tweet 5057,positive
sample tweet 5058,positive
sample tweet 5059,positive
sample tweet 5060,positive
sample tweet 5061,positive
sample tweet 5062,neutral
sample tweet 5063,negative
sample tweet 5064,positive
sample tweet 5065,positive
sample tweet 5066,positive
sample tweet 5067,positive
sample tweet 5068,positive
sample tweet 5069,neutral
sample tweet 5070,neutral
sample tweet 5071,neutral
sample tweet 5072,neutral
sample tweet 5073,positive
sample tweet 5074,positive
sample tweet 5075,neutral
sample tweet 5076,positive
sample tweet 5077,positive
sample tweet 5078,negative
sample tweet 5079,positive
sample tweet 5080,neutral
sample tweet 5081,neutral
sample tweet 5082,neutral
sample tweet 5083,positive
sample tweet 5084,positive
sample tweet 5085,neutral
sample tweet 5086,neutral
sample tweet 5087,positive
sample tweet 5088,positive
sample tweet 5089,neutral
sample tweet 5090,positive
sample tweet 5091,negative
sample tweet 5092,positive
sample tweet 5093,positive
sample tweet 5094,neutral
sample tweet 5095,positive
sample tweet 5096,negative
sample tweet 5097,positive
sample tweet 5098,positive
sample tweet 5099,neutral
sample tweet 5100,positive
sample tweet 5101,positive
sample tweet 5102,negative
sample tweet 5103,negative
sample tweet 5104,neutral
sample tweet 5105,negative
sample tweet 5106,positive
sample tweet 5107,neutral
sample tweet 5108,negative
sample tweet 5109,neutral
sample tweet 5110,neutral
sample tweet 5111,positive
sample tweet 5112,neutral
sample tweet 5113,positive
sample tweet 5114,positive
sample tweet 5115,neutral
sample tweet 5116,negative
sample tweet 5117,positive
sample tweet 5118,negative
sample tweet 5119,neutral
sample tweet 5120,negative
sample tweet 5121,positive
sample tweet 5122,positive
sample tweet 5123,positive
sample tweet 5124,neutral
sample tweet 5125,negative
sample tweet 5126,neutral
sample tweet 5127,positive
sample tweet 5128,neutral
sample tweet 5129,negative
sample tweet 5130,positive
sample tweet 5131,positive
sample tweet 5132,neutral
sample tweet 5133,positive
sample tweet 5134,positive
sample tweet 5135,positive
sample tweet 5136,positive
sample tweet 5137,negative
sample tweet 5138,neutral
sample tweet 5139,positive
sample tweet 5140,neutral
sample tweet 5141,neutral
sample tweet 5142,positive
sample tweet 5143,negative
sample tweet 5144,positive
sample tweet 5145,positive
sample tweet 5146,positive
sample tweet 5147,neutral
sample tweet 5148,positive
sample tweet 5149,neutral
sample tweet 5150,neutral
sample tweet 5151,neutral
sample tweet 5152,neutral
sample tweet 5153,positive
sample tweet 5154,positive
sample tweet 5155,positive
sample tweet 5156,positive
sample tweet 5157,neutral
sample tweet 5158,positive
sample tweet 5159,neutral
sample tweet 5160,positive
sample tweet 5161,negative
sample tweet 5162,negative
sample tweet 5163,positive
sample tweet 5164,positive
sample tweet 5165,positive
sample tweet 5166,positive
sample tweet 5167,positive
sample tweet 5168,negative
sample tweet 5169,positive
sample tweet 5170,neutral
sample tweet 5171,positive
sample tweet 5172,positive
sample tweet 5173,positive
sample tweet 5174,positive
sample tweet 5175,positive
sample tweet 5176,positive
sample tweet 5177,negative
sample tweet 5178,positive
sample tweet 5179,neutral
sample tweet 5180,neutral
sample tweet 5181,neutral
sample tweet 5182,neutral
sample tweet 5183,neutral
sample tweet 5184,neutral
sample tweet 5185,neutral
sample tweet 5186,positive
sample tweet 5187,positive
sample tweet 5188,positive
sample tweet 5189,positive
sample tweet 5190,neutral
sample tweet 5191,positive
sample tweet 5192,neutral
sample tweet 5193,positive
sample tweet 5194,positive
sample tweet 5195,positive
sample tweet 5196,negative
sample tweet 5197,positive
sample tweet 5198,negative
sample tweet 5199,positive
sample tweet 5200,neutral
sample tweet 5201,negative
sample tweet 5202,positive
sample tweet 5203,positive
sample tweet 5204,positive
sample tweet 5205,positive
sample tweet 5206,positive
sample tweet 5207,positive
sample tweet 5208,negative
sample tweet 5209,negative
sample tweet 5210,negative
sample tweet 5211,positive
sample tweet 5212,positive
sample tweet 5213,negative
sample tweet 5214,positive
sample tweet 5215,negative
sample tweet 5216,neutral
sample tweet 5217,neutral
sample tweet 5218,positive
sample tweet 5219,positive
sample tweet 5220,neutral
sample tweet 5221,negative
sample tweet 5222,positive
sample tweet 5223,positive
sample tweet 5224,negative
sample tweet 5225,negative
sample tweet 5226,negative
sample tweet 5227,positive
sample tweet 5228,positive
sample tweet 5229,neutral
sample tweet 5230,positive
sample tweet 5231,positive
sample tweet 5232,positive
sample tweet 5233,positive
sample tweet 5234,neutral
sample tweet 5235,positive
sample tweet 5236,positive
sample tweet 5237,negative
sample tweet 5238,positive
sample tweet 5239,negative
sample tweet 5240,neutral
sample tweet 5241,negative
sample tweet 5242,positive
sample tweet 5243,neutral
sample tweet 5244,negative
sample tweet 5245,neutral
sample tweet 5246,positive
sample tweet 5247,positive
sample tweet 5248,positive
sample tweet 5249,neutral
sample tweet 5250,positive
sample tweet 5251,neutral
sample tweet 5252,positive
sample tweet 5253,positive
sample tweet 5254,positive
sample tweet 5255,negative
sample tweet 5256,negative
sample tweet 5257,neutral
sample tweet 5258,positive
sample tweet 5259,negative
sample tweet 5260,negative
sample tweet 5261,positive
sample tweet 5262,positive
sample tweet 5263,negative
sample tweet 5264,negative
sample tweet 5265,negative
sample tweet 5266,positive
sample tweet 5267,positive
sample tweet 5268,positive
sample tweet 5269,positive
sample tweet 5270,neutral
sample tweet 5271,negative
sample tweet 5272,positive
sample tweet 5273,positive
sample tweet 5274,neutral
sample tweet 5275,negative
sample tweet 5276,neutral
sample tweet 5277,positive
sample tweet 5278,negative
sample tweet 5279,positive
sample tweet 5280,positive
sample tweet 5281,neutral
sample tweet 5282,positive
sample tweet 5283,negative
sample tweet 5284,neutral
sample tweet 5285,negative
sample tweet 5286,positive
sample tweet 5287,neutral
sample tweet 5288,negative
sample tweet 5289,positive
sample tweet 5290,neutral
sample tweet 5291,positive
sample tweet 5292,positive
sample tweet 5293,positive
sample tweet 5294,positive
sample tweet 5295,positive
sample tweet 5296,positive
sample tweet 5297,neutral
sample tweet 5298,positive
sample tweet 5299,positive
sample tweet 5300,positive
sample tweet 5301,negative
sample tweet 5302,positive
sample tweet 5303,positive
sample tweet 5304,negative
sample tweet 5305,positive
sample tweet 5306,positive
sample tweet 5307,negative
sample tweet 5308,positive
sample tweet 5309,positive
sample tweet 5310,positive
sample tweet 5311,neutral
sample tweet 5312,negative
sample tweet 5313,positive
sample tweet 5314,positive
sample tweet 5315,neutral
sample tweet 5316,positive
sample tweet 5317,neutral
sample tweet 5318,positive
sample tweet 5319,negative
sample tweet 5320,positive
sample tweet 5321,positive
sample tweet 5322,neutral
sample tweet 5323,positive
sample tweet 5324,positive
sample tweet 5325,positive
sample tweet 5326,positive
sample tweet 5327,neutral
sample tweet 5328,negative
sample tweet 5329,neutral
sample tweet 5330,neutral
sample tweet 5331,positive
sample tweet 5332,positive
sample tweet 5333,positive
sample tweet 5334,negative
sample tweet 5335,negative
sample tweet 5336,negative
sample tweet 5337,neutral
sample tweet 5338,neutral
sample tweet 5339,positive
sample tweet 5340,positive
sample tweet 5341,positive
sample tweet 5342,neutral
sample tweet 5343,positive
sample tweet 5344,negative
sample tweet 5345,positive
sample tweet 5346,neutral
sample tweet 5347,neutral
sample tweet 5348,positive
sample tweet 5349,positive
sample tweet 5350,neutral
sample tweet 5351,neutral
sample tweet 5352,positive
sample tweet 5353,positive
sample tweet 5354,positive
sample tweet 5355,neutral
sample tweet 5356,positive
sample tweet 5357,positive
sample tweet 5358,neutral
sample tweet 5359,negative
sample tweet 5360,positive
sample tweet 5361,positive
sample tweet 5362,positive
sample tweet 5363,neutral
sample tweet 5364,positive
sample tweet 5365,neutral
sample tweet 5366,neutral
sample tweet 5367,positive
sample tweet 5368,negative
sample tweet 5369,positive
sample tweet 5370,positive
sample tweet 5371,positive
sample tweet 5372,negative
sample tweet 5373,positive
sample tweet 5374,neutral
sample tweet 5375,negative
sample tweet 5376,positive
sample tweet 5377,positive
sample tweet 5378,positive
sample tweet 5379,neutral
sample tweet 5380,positive
sample tweet 5381,negative
sample tweet 5382,positive
sample tweet 5383,neutral
sample tweet 5384,positive
sample tweet 5385,positive
sample tweet 5386,positive
sample tweet 5387,positive
sample tweet 5388,positive
sample tweet 5389,positive
sample tweet 5390,neutral
sample tweet 5391,positive
sample tweet 5392,positive
sample tweet 5393,positive
sample tweet 5394,neutral
sample tweet 5395,negative
sample tweet 5396,positive
sample tweet 5397,negative
sample tweet 5398,positive
sample tweet 5399,positive
sample tweet 5400,positive
sample tweet 5401,positive
sample tweet 5402,positive
sample tweet 5403,negative
sample tweet 5404,negative
sample tweet 5405,negative
sample tweet 5406,negative
sample tweet 5407,positive
sample tweet 5408,neutral
sample tweet 5409,neutral
sample tweet 5410,positive
sample tweet 5411,positive
sample tweet 5412,positive
sample tweet 5413,negative
sample tweet 5414,negative
sample tweet 5415,negative
sample tweet 5416,positive
sample tweet 5417,negative
sample tweet 5418,negative
sample tweet 5419,positive
sample tweet 5420,negative
sample tweet 5421,negative
sample tweet 5422,positive
sample tweet 5423,positive
sample tweet 5424,positive
sample tweet 5425,neutral
sample tweet 5426,neutral
sample tweet 5427,positive
sample tweet 5428,negative
sample tweet 5429,neutral
sample tweet 5430,negative
sample tweet 5431,positive
sample tweet 5432,neutral
sample tweet 5433,positive
sample tweet 5434,positive
sample tweet 5435,positive
sample tweet 5436,positive
sample tweet 5437,positive
sample tweet 5438,positive
sample tweet 5439,positive
sample tweet 5440,negative
sample tweet 5441,positive
sample tweet 5442,neutral
sample tweet 5443,positive
sample tweet 5444,negative
sample tweet 5445,neutral
sample tweet 5446,neutral
sample tweet 5447,positive
sample tweet 5448,positive
sample tweet 5449,positive
sample tweet 5450,positive
sample tweet 5451,positive
sample tweet 5452,neutral
sample tweet 5453,neutral
sample tweet 5454,positive
sample tweet 5455,negative
sample tweet 5456,positive
sample tweet 5457,negative
sample tweet 5458,positive
sample tweet 5459,neutral
sample tweet 5460,positive
sample tweet 5461,positive
sample tweet 5462,positive
sample tweet 5463,neutral
sample tweet 5464,neutral
sample tweet 5465,positive
sample tweet 5466,negative
sample tweet 5467,neutral
sample tweet 5468,neutral
sample tweet 5469,positive
sample tweet 5470,positive
sample tweet 5471,negative
sample tweet 5472,positive
sample tweet 5473,positive
sample tweet 5474,neutral
sample tweet 5475,positive
sample tweet 5476,neutral
sample tweet 5477,positive
sample tweet 5478,positive
sample tweet 5479,positive
sample tweet 5480,positive
sample tweet 5481,positive
sample tweet 5482,positive
sample tweet 5483,negative
sample tweet 5484,positive
sample tweet 5485,negative
sample tweet 5486,positive
sample tweet 5487,positive
sample tweet 5488,negative
sample tweet 5489,positive
sample tweet 5490,positive
sample tweet 5491,positive
sample tweet 5492,negative
sample tweet 5493,neutral
sample tweet 5494,neutral
sample tweet 5495,positive
sample tweet 5496,positive
sample tweet 5497,neutral
sample tweet 5498,positive
sample tweet 5499,positive
sample tweet 5500,negative
sample tweet 5501,neutral
sample tweet 5502,neutral
sample tweet 5503,positive
sample tweet 5504,positive
sample tweet 5505,positive
sample tweet 5506,positive
sample tweet 5507,neutral
sample tweet 5508,neutral
sample tweet 5509,positive
sample tweet 5510,negative
sample tweet 5511,positive
sample tweet 5512,positive
sample tweet 5513,neutral
sample tweet 5514,neutral
sample tweet 5515,neutral
sample tweet 5516,positive
sample tweet 5517,neutral
sample tweet 5518,negative
sample tweet 5519,neutral
sample tweet 5520,neutral
sample tweet 5521,positive
sample tweet 5522,negative
sample tweet 5523,positive
sample tweet 5524,negative
sample tweet 5525,neutral
sample tweet 5526,positive
sample tweet 5527,negative
sample tweet 5528,positive
sample tweet 5529,positive
sample tweet 5530,positive
sample tweet 5531,positive
sample tweet 5532,positive
sample tweet 5533,neutral
sample tweet 5534,positive
sample tweet 5535,neutral
sample tweet 5536,negative
sample tweet 5537,positive
sample tweet 5538,positive
sample tweet 5539,negative
sample tweet 5540,negative
sample tweet 5541,negative
sample tweet 5542,neutral
sample tweet 5543,neutral
sample tweet 5544,positive
sample tweet 5545,positive
sample tweet 5546,neutral
sample tweet 5547,positive
sample tweet 5548,positive
sample tweet 5549,neutral
sample tweet 5550,neutral
sample tweet 5551,neutral
sample tweet 5552,positive
sample tweet 5553,negative
sample tweet 5554,negative
sample tweet 5555,neutral
sample tweet 5556,positive
sample tweet 5557,negative
sample tweet 5558,positive
sample tweet 5559,positive
sample tweet 5560,neutral
sample tweet 5561,neutral
sample tweet 5562,positive
sample tweet 5563,positive
sample tweet 5564,negative
sample tweet 5565,neutral
sample tweet 5566,positive
sample tweet 5567,neutral
sample tweet 5568,positive
sample tweet 5569,positive
sample tweet 5570,negative
sample tweet 5571,neutral
sample tweet 5572,negative
sample tweet 5573,negative
sample tweet 5574,positive
sample tweet 5575,positive
sample tweet 5576,positive
sample tweet 5577,neutral
sample tweet 5578,neutral
sample tweet 5579,neutral
sample tweet 5580,positive
sample tweet 5581,negative
sample tweet 5582,negative
sample tweet 5583,neutral
sample tweet 5584,positive
sample tweet 5585,positive
sample tweet 5586,negative
sample tweet 5587,neutral
sample tweet 5588,positive
sample tweet 5589,neutral
sample tweet 5590,positive
sample tweet 5591,positive
sample tweet 5592,positive
sample tweet 5593,neutral
sample tweet 5594,negative
sample tweet 5595,positive
sample tweet 5596,negative
sample tweet 5597,negative
sample tweet 5598,negative
sample tweet 5599,positive
sample tweet 5600,neutral
sample tweet 5601,positive
sample tweet 5602,negative
sample tweet 5603,neutral
sample tweet 5604,positive
sample tweet 5605,positive
sample tweet 5606,neutral
sample tweet 5607,positive
sample tweet 5608,negative
sample tweet 5609,positive
sample tweet 5610,neutral
sample tweet 5611,negative
sample tweet 5612,positive
sample tweet 5613,positive
sample tweet 5614,neutral
sample tweet 5615,positive
sample tweet 5616,positive
sample tweet 5617,positive
sample tweet 5618,positive
sample tweet 5619,positive
sample tweet 5620,neutral
sample tweet 5621,positive
sample tweet 5622,positive
sample tweet 5623,neutral
sample tweet 5624,positive
sample tweet 5625,positive
sample tweet 5626,neutral
sample tweet 5627,positive
sample tweet 5628,negative
sample tweet 5629,neutral
sample tweet 5630,positive
sample tweet 5631,positive
sample tweet 5632,positive
sample tweet 5633,positive
sample tweet 5634,neutral
sample tweet 5635,positive
sample tweet 5636,positive
sample tweet 5637,negative
sample tweet 5638,positive
sample tweet 5639,neutral
sample tweet 5640,neutral
sample tweet 5641,neutral
sample tweet 5642,negative
sample tweet 5643,negative
sample tweet 5644,neutral
sample tweet 5645,positive
sample tweet 5646,neutral
sample tweet 5647,positive
sample tweet 5648,positive
sample tweet 5649,neutral
sample tweet 5650,positive
sample tweet 5651,positive
sample tweet 5652,neutral
sample tweet 5653,positive
sample tweet 5654,neutral
sample tweet 5655,positive
sample tweet 5656,positive
sample tweet 5657,neutral
sample tweet 5658,positive
sample tweet 5659,positive
sample tweet 5660,neutral
sample tweet 5661,positive
sample tweet 5662,positive
sample tweet 5663,negative
sample tweet 5664,positive
sample tweet 5665,negative
sample tweet 5666,negative
sample tweet 5667,positive
sample tweet 5668,neutral
sample tweet 5669,positive
sample tweet 5670,neutral
sample tweet 5671,positive
sample tweet 5672,negative
sample tweet 5673,neutral
sample tweet 5674,neutral
sample tweet 5675,positive
sample tweet 5676,negative
sample tweet 5677,positive
sample tweet 5678,neutral
sample tweet 5679,neutral
sample tweet 5680,positive
sample tweet 5681,negative
sample tweet 5682,neutral
sample tweet 5683,positive
sample tweet 5684,negative
sample tweet 5685,negative
sample tweet 5686,neutral
sample tweet 5687,negative
sample tweet 5688,negative
sample tweet 5689,neutral
sample tweet 5690,positive
sample tweet 5691,positive
sample tweet 5692,negative
sample tweet 5693,positive
sample tweet 5694,negative
sample tweet 5695,neutral
sample tweet 5696,positive
sample tweet 5697,positive
sample tweet 5698,positive
sample tweet 5699,negative
sample tweet 5700,positive
sample tweet 5701,positive
sample tweet 5702,positive
sample tweet 5703,positive
sample tweet 5704,positive
sample tweet 5705,positive
sample tweet 5706,neutral
sample tweet 5707,negative
sample tweet 5708,positive
sample tweet 5709,neutral
sample tweet 5710,positive
sample tweet 5711,negative
sample tweet 5712,positive
sample tweet 5713,positive
sample tweet 5714,negative
sample tweet 5715,positive
sample tweet 5716,positive
sample tweet 5717,negative
sample tweet 5718,positive
sample tweet 5719,neutral
sample tweet 5720,positive
sample tweet 5721,positive
sample tweet 5722,neutral
sample tweet 5723,positive
sample tweet 5724,neutral
sample tweet 5725,positive
sample tweet 5726,negative
sample tweet 5727,negative
sample tweet 5728,neutral
sample tweet 5729,neutral
sample tweet 5730,neutral
sample tweet 5731,positive
sample tweet 5732,positive
sample tweet 5733,positive
sample tweet 5734,negative
sample tweet 5735,positive
sample tweet 5736,positive
sample tweet 5737,positive
sample tweet 5738,negative
sample tweet 5739,negative
sample tweet 5740,neutral
sample tweet 5741,neutral
sample tweet 5742,neutral
sample tweet 5743,neutral
sample tweet 5744,positive
sample tweet 5745,negative
sample tweet 5746,positive
sample tweet 5747,negative
sample tweet 5748,neutral
sample tweet 5749,negative
sample tweet 5750,negative
sample tweet 5751,positive
sample tweet 5752,positive
sample tweet 5753,positive
sample tweet 5754,negative
sample tweet 5755,positive
sample tweet 5756,positive
sample tweet 5757,positive
sample tweet 5758,positive
sample tweet 5759,negative
sample tweet 5760,positive
sample tweet 5761,positive
sample tweet 5762,positive
sample tweet 5763,negative
sample tweet 5764,positive
sample tweet 5765,neutral
sample tweet 5766,negative
sample tweet 5767,positive
sample tweet 5768,negative
sample tweet 5769,neutral
sample tweet 5770,positive
sample tweet 5771,positive
sample tweet 5772,positive
sample tweet 5773,negative
sample tweet 5774,positive
sample tweet 5775,positive
sample tweet 5776,neutral
sample tweet 5777,negative
sample tweet 5778,positive
sample tweet 5779,positive
sample tweet 5780,positive
sample tweet 5781,positive
sample tweet 5782,neutral
sample tweet 5783,positive
sample tweet 5784,positive
sample tweet 5785,positive
sample tweet 5786,neutral
sample tweet 5787,positive
sample tweet 5788,positive
sample tweet 5789,neutral
sample tweet 5790,negative
sample tweet 5791,neutral
sample tweet 5792,neutral
sample tweet 5793,positive
sample tweet 5794,negative
sample tweet 5795,positive
sample tweet 5796,neutral
sample tweet 5797,positive
sample tweet 5798,positive
sample tweet 5799,positive
sample tweet 5800,positive
sample tweet 5801,neutral
sample tweet 5802,neutral
sample tweet 5803,positive
sample tweet 5804,negative
sample tweet 5805,negative
sample tweet 5806,positive
sample tweet 5807,positive
sample tweet 5808,negative
sample tweet 5809,neutral
sample tweet 5810,positive
sample tweet 5811,negative
sample tweet 5812,negative
sample tweet 5813,neutral
sample tweet 5814,neutral
sample tweet 5815,negative
sample tweet 5816,positive
sample tweet 5817,positive
sample tweet 5818,positive
sample tweet 5819,negative
sample tweet 5820,negative
sample tweet 5821,positive
sample tweet 5822,positive
sample tweet 5823,positive
sample tweet 5824,neutral
sample tweet 5825,positive
sample tweet 5826,positive
sample tweet 5827,neutral
sample tweet 5828,negative
sample tweet 5829,negative
sample tweet 5830,negative
sample tweet 5831,positive
sample tweet 5832,neutral
sample tweet 5833,negative
sample tweet 5834,negative
sample tweet 5835,positive
sample tweet 5836,negative
sample tweet 5837,positive
sample tweet 5838,positive
sample tweet 5839,negative
sample tweet 5840,positive
sample tweet 5841,neutral
sample tweet 5842,positive
sample tweet 5843,neutral
sample tweet 5844,positive
sample tweet 5845,negative
sample tweet 5846,neutral
sample tweet 5847,positive
sample tweet 5848,negative
sample tweet 5849,positive
sample tweet 5850,negative
sample tweet 5851,positive
sample tweet 5852,positive
sample tweet 5853,positive
sample tweet 5854,positive
sample tweet 5855,neutral
sample tweet 5856,negative
sample tweet 5857,neutral
sample tweet 5858,positive
sample tweet 5859,neutral
sample tweet 5860,neutral
sample tweet 5861,positive
sample tweet 5862,positive
sample tweet 5863,negative
sample tweet 5864,positive
sample tweet 5865,negative
sample tweet 5866,negative
sample tweet 5867,positive
sample tweet 5868,positive
sample tweet 5869,positive
sample tweet 5870,positive
sample tweet 5871,negative
sample tweet 5872,neutral
sample tweet 5873,neutral
sample tweet 5874,positive
sample tweet 5875,negative
sample tweet 5876,negative
sample tweet 5877,neutral
sample tweet 5878,positive
sample tweet 5879,positive
sample tweet 5880,neutral
sample tweet 5881,neutral
sample tweet 5882,positive
sample tweet 5883,negative
sample tweet 5884,neutral
sample tweet 5885,positive
sample tweet 5886,negative
sample tweet 5887,positive
sample tweet 5888,positive
sample tweet 5889,negative
sample tweet 5890,positive
sample tweet 5891,negative
sample tweet 5892,positive
sample tweet 5893,positive
sample tweet 5894,positive
sample tweet 5895,neutral
sample tweet 5896,neutral
sample tweet 5897,positive
sample tweet 5898,positive
sample tweet 5899,positive
sample tweet 5900,negative
sample tweet 5901,positive
sample tweet 5902,positive
sample tweet 5903,negative
sample tweet 5904,neutral
sample tweet 5905,positive
sample tweet 5906,positive
sample tweet 5907,neutral
sample tweet 5908,neutral
sample tweet 5909,positive
sample tweet 5910,negative
sample tweet 5911,positive
sample tweet 5912,positive
sample tweet 5913,positive
sample tweet 5914,positive
sample tweet 5915,negative
sample tweet 5916,positive
sample tweet 5917,neutral
sample tweet 5918,negative
sample tweet 5919,positive
sample tweet 5920,neutral
sample tweet 5921,positive
sample tweet 5922,positive
sample tweet 5923,negative
sample tweet 5924,neutral
sample tweet 5925,positive
sample tweet 5926,neutral
sample tweet 5927,negative
sample tweet 5928,negative
sample tweet 5929,neutral
sample tweet 5930,neutral
sample tweet 5931,neutral
sample tweet 5932,neutral
sample tweet 5933,positive
sample tweet 5934,positive
sample tweet 5935,neutral
sample tweet 5936,negative
sample tweet 5937,neutral
sample tweet 5938,positive
sample tweet 5939,positive
sample tweet 5940,negative
sample tweet 5941,positive
sample tweet 5942,negative
sample tweet 5943,positive
sample tweet 5944,positive
sample tweet 5945,positive
sample tweet 5946,neutral
sample tweet 5947,neutral
sample tweet 5948,neutral
sample tweet 5949,positive
sample tweet 5950,neutral
sample tweet 5951,negative
sample tweet 5952,positive
sample tweet 5953,positive
sample tweet 5954,positive
sample tweet 5955,neutral
sample tweet 5956,negative
sample tweet 5957,positive
sample tweet 5958,negative
sample tweet 5959,positive
sample tweet 5960,positive
sample tweet 5961,positive
sample tweet 5962,neutral
sample tweet 5963,neutral
sample tweet 5964,negative
sample tweet 5965,positive
sample tweet 5966,neutral
sample tweet 5967,positive
sample tweet 5968,positive
sample tweet 5969,positive
sample tweet 5970,neutral
sample tweet 5971,negative
sample tweet 5972,neutral
sample tweet 5973,neutral
sample tweet 5974,neutral
sample tweet 5975,positive
sample tweet 5976,negative
sample tweet 5977,positive
sample tweet 5978,neutral
sample tweet 5979,positive
sample tweet 5980,negative
sample tweet 5981,positive
sample tweet 5982,positive
sample tweet 5983,positive
sample tweet 5984,positive
sample tweet 5985,positive
sample tweet 5986,neutral
sample tweet 5987,positive
sample tweet 5988,neutral
sample tweet 5989,neutral
sample tweet 5990,neutral
sample tweet 5991,negative
sample tweet 5992,negative
sample tweet 5993,positive
sample tweet 5994,negative
sample tweet 5995,negative
sample tweet 5996,positive
sample tweet 5997,negative
sample tweet 5998,negative
sample tweet 5999,positive
sample tweet 6000,neutral
sample tweet 6001,neutral
sample tweet 6002,negative
sample tweet 6003,positive
sample tweet 6004,positive
sample tweet 6005,positive
sample tweet 6006,neutral
sample tweet 6007,positive
sample tweet 6008,positive
sample tweet 6009,neutral
sample tweet 6010,negative
sample tweet 6011,negative
sample tweet 6012,positive
sample tweet 6013,positive
sample tweet 6014,neutral
sample tweet 6015,neutral
sample tweet 6016,negative
sample tweet 6017,neutral
sample tweet 6018,positive
sample tweet 6019,neutral
sample tweet 6020,negative
sample tweet 6021,negative
sample tweet 6022,positive
sample tweet 6023,positive
sample tweet 6024,neutral
sample tweet 6025,positive
sample tweet 6026,positive
sample tweet 6027,neutral
sample tweet 6028,neutral
sample tweet 6029,positive
sample tweet 6030,neutral
sample tweet 6031,neutral
sample tweet 6032,positive
sample tweet 6033,neutral
sample tweet 6034,negative
sample tweet 6035,neutral
sample tweet 6036,positive
sample tweet 6037,positive
sample tweet 6038,positive
sample tweet 6039,positive
sample tweet 6040,neutral
sample tweet 6041,positive
sample tweet 6042,positive
sample tweet 6043,positive
sample tweet 6044,positive
sample tweet 6045,neutral
sample tweet 6046,negative
sample tweet 6047,neutral
sample tweet 6048,positive
sample tweet 6049,positive
sample tweet 6050,negative
sample tweet 6051,negative
sample tweet 6052,positive
sample tweet 6053,positive
sample tweet 6054,positive
sample tweet 6055,positive
sample tweet 6056,positive
sample tweet 6057,positive
sample tweet 6058,positive
sample tweet 6059,negative
sample tweet 6060,negative
sample tweet 6061,neutral
sample tweet 6062,positive
sample tweet 6063,positive
sample tweet 6064,negative
sample tweet 6065,positive
sample tweet 6066,positive
sample tweet 6067,positive
sample tweet 6068,positive
sample tweet 6069,neutral
sample tweet 6070,neutral
sample tweet 6071,negative
sample tweet 6072,neutral
sample tweet 6073,positive
sample tweet 6074,neutral
sample tweet 6075,positive
sample tweet 6076,neutral
sample tweet 6077,negative
sample tweet 6078,positive
sample tweet 6079,positive
sample tweet 6080,positive
sample tweet 6081,positive
sample tweet 6082,negative
sample tweet 6083,negative
sample tweet 6084,positive
sample tweet 6085,positive
sample tweet 6086,neutral
sample tweet 6087,neutral
sample tweet 6088,positive
sample tweet 6089,neutral
sample tweet 6090,positive
sample tweet 6091,neutral
sample tweet 6092,positive
sample tweet 6093,positive
sample tweet 6094,positive
sample tweet 6095,positive
sample tweet 6096,neutral
sample tweet 6097,neutral
sample tweet 6098,neutral
sample tweet 6099,positive
sample tweet 6100,neutral
sample tweet 6101,positive
sample tweet 6102,positive
sample tweet 6103,negative
sample tweet 6104,negative
sample tweet 6105,negative
sample tweet 6106,negative
sample tweet 6107,negative
sample tweet 6108,positive
sample tweet 6109,positive
sample tweet 6110,positive
sample tweet 6111,neutral
sample tweet 6112,positive
sample tweet 6113,negative
sample tweet 6114,neutral
sample tweet 6115,negative
sample tweet 6116,neutral
sample tweet 6117,positive
sample tweet 6118,neutral
sample tweet 6119,positive
sample tweet 6120,positive
sample tweet 6121,positive
sample tweet 6122,negative
sample tweet 6123,negative
sample tweet 6124,negative
sample tweet 6125,positive
sample tweet 6126,neutral
sample tweet 6127,negative
sample tweet 6128,negative
sample tweet 6129,positive
sample tweet 6130,negative
sample tweet 6131,neutral
sample tweet 6132,positive
sample tweet 6133,positive
sample tweet 6134,positive
sample tweet 6135,positive
sample tweet 6136,positive
sample tweet 6137,neutral
sample tweet 6138,positive
sample tweet 6139,positive
sample tweet 6140,negative
sample tweet 6141,positive
sample tweet 6142,neutral
sample tweet 6143,positive
sample tweet 6144,positive
sample tweet 6145,positive
sample tweet 6146,negative
sample tweet 6147,negative
sample tweet 6148,neutral
sample tweet 6149,neutral
sample tweet 6150,neutral
sample tweet 6151,negative
sample tweet 6152,neutral
sample tweet 6153,positive
sample tweet 6154,positive
sample tweet 6155,positive
sample tweet 6156,neutral
sample tweet 6157,neutral
sample tweet 6158,neutral
sample tweet 6159,neutral
sample tweet 6160,negative
sample tweet 6161,positive
sample tweet 6162,positive
sample tweet 6163,positive
sample tweet 6164,neutral
sample tweet 6165,negative
sample tweet 6166,neutral
sample tweet 6167,neutral
sample tweet 6168,positive
sample tweet 6169,neutral
sample tweet 6170,negative
sample tweet 6171,negative
sample tweet 6172,positive
sample tweet 6173,neutral
sample tweet 6174,neutral
sample tweet 6175,negative
sample tweet 6176,negative
sample tweet 6177,positive
sample tweet 6178,negative
sample tweet 6179,positive
sample tweet 6180,positive
sample tweet 6181,positive
sample tweet 6182,positive
sample tweet 6183,neutral
sample tweet 6184,positive
sample tweet 6185,negative
sample tweet 6186,positive
sample tweet 6187,negative
sample tweet 6188,positive
sample tweet 6189,negative
sample tweet 6190,neutral
sample tweet 6191,positive
sample tweet 6192,neutral
sample tweet 6193,positive
sample tweet 6194,positive
sample tweet 6195,negative
sample tweet 6196,negative
sample tweet 6197,positive
sample tweet 6198,positive
sample tweet 6199,neutral
sample tweet 6200,positive
sample tweet 6201,positive
sample tweet 6202,positive
sample tweet 6203,positive
sample tweet 6204,positive
sample tweet 6205,negative
sample tweet 6206,negative
sample tweet 6207,positive
sample tweet 6208,negative
sample tweet 6209,positive
sample tweet 6210,positive
sample tweet 6211,positive
sample tweet 6212,positive
sample tweet 6213,positive
sample tweet 6214,neutral
sample tweet 6215,negative
sample tweet 6216,negative
sample tweet 6217,neutral
sample tweet 6218,neutral
sample tweet 6219,positive
sample tweet 6220,positive
sample tweet 6221,negative
sample tweet 6222,neutral
sample tweet 6223,neutral
sample tweet 6224,positive
sample tweet 6225,positive
sample tweet 6226,negative
sample tweet 6227,negative
sample tweet 6228,positive
sample tweet 6229,neutral
sample tweet 6230,positive
sample tweet 6231,positive
sample tweet 6232,positive
sample tweet 6233,neutral
sample tweet 6234,positive
sample tweet 6235,negative
sample tweet 6236,neutral
sample tweet 6237,positive
sample tweet 6238,negative
sample tweet 6239,negative
sample tweet 6240,negative
sample tweet 6241,negative
sample tweet 6242,positive
sample tweet 6243,negative
sample tweet 6244,negative
sample tweet 6245,positive
sample tweet 6246,positive
sample tweet 6247,negative
sample tweet 6248,positive
sample tweet 6249,positive
sample tweet 6250,positive
sample tweet 6251,positive
sample tweet 6252,positive
sample tweet 6253,neutral
sample tweet 6254,positive
sample tweet 6255,positive
sample tweet 6256,neutral
sample tweet 6257,positive
sample tweet 6258,neutral
sample tweet 6259,positive
sample tweet 6260,neutral
sample tweet 6261,neutral
sample tweet 6262,positive
sample tweet 6263,neutral
sample tweet 6264,negative
sample tweet 6265,positive
sample tweet 6266,positive
sample tweet 6267,positive
sample tweet 6268,neutral
sample tweet 6269,positive
sample tweet 6270,negative
sample tweet 6271,neutral
sample tweet 6272,neutral
sample tweet 6273,negative
sample tweet 6274,positive
sample tweet 6275,negative
sample tweet 6276,neutral
sample tweet 6277,positive
sample tweet 6278,positive
sample tweet 6279,positive
sample tweet 6280,neutral
sample tweet 6281,neutral
sample tweet 6282,positive
sample tweet 6283,positive
sample tweet 6284,neutral
sample tweet 6285,neutral
sample tweet 6286,negative
sample tweet 6287,negative
sample tweet 6288,negative
sample tweet 6289,positive
sample tweet 6290,negative
sample tweet 6291,neutral
sample tweet 6292,positive
sample tweet 6293,positive
sample tweet 6294,positive
sample tweet 6295,neutral
sample tweet 6296,positive
sample tweet 6297,positive
sample tweet 6298,neutral
sample tweet 6299,neutral
sample tweet 6300,positive
sample tweet 6301,positive
sample tweet 6302,negative
sample tweet 6303,negative
sample tweet 6304,negative
sample tweet 6305,positive
sample tweet 6306,positive
sample tweet 6307,positive
sample tweet 6308,neutral
sample tweet 6309,positive
sample tweet 6310,negative
sample tweet 6311,negative
sample tweet 6312,neutral
sample tweet 6313,negative
sample tweet 6314,neutral
sample tweet 6315,neutral
sample tweet 6316,neutral
sample tweet 6317,positive
sample tweet 6318,negative
sample tweet 6319,negative
sample tweet 6320,negative
sample tweet 6321,positive
sample tweet 6322,neutral
sample tweet 6323,neutral
sample tweet 6324,negative
sample tweet 6325,positive
sample tweet 6326,positive
sample tweet 6327,negative
sample tweet 6328,positive
sample tweet 6329,positive
sample tweet 6330,positive
sample tweet 6331,positive
sample tweet 6332,negative
sample tweet 6333,negative
sample tweet 6334,neutral
sample tweet 6335,neutral
sample tweet 6336,neutral
sample tweet 6337,positive
sample tweet 6338,negative
sample tweet 6339,positive
sample tweet 6340,positive
sample tweet 6341,positive
sample tweet 6342,neutral
sample tweet 6343,neutral
sample tweet 6344,negative
sample tweet 6345,positive
sample tweet 6346,neutral
sample tweet 6347,positive
sample tweet 6348,negative
sample tweet 6349,negative
sample tweet 6350,negative
sample tweet 6351,neutral
sample tweet 6352,positive
sample tweet 6353,positive
sample tweet 6354,negative
sample tweet 6355,positive
sample tweet 6356,positive
sample tweet 6357,positive
sample tweet 6358,neutral
sample tweet 6359,neutral
sample tweet 6360,negative
sample tweet 6361,neutral
sample tweet 6362,positive
sample tweet 6363,positive
sample tweet 6364,negative
sample tweet 6365,positive
sample tweet 6366,positive
sample tweet 6367,positive
sample tweet 6368,neutral
sample tweet 6369,positive
sample tweet 6370,neutral
sample tweet 6371,positive
sample tweet 6372,positive
sample tweet 6373,positive
sample tweet 6374,positive
sample tweet 6375,negative
sample tweet 6376,negative
sample tweet 6377,positive
sample tweet 6378,neutral
sample tweet 6379,neutral
sample tweet 6380,positive
sample tweet 6381,positive
sample tweet 6382,neutral
sample tweet 6383,negative
sample tweet 6384,negative
sample tweet 6385,positive
sample tweet 6386,positive
sample tweet 6387,positive
sample tweet 6388,neutral
sample tweet 6389,positive
sample tweet 6390,neutral
sample tweet 6391,positive
sample tweet 6392,neutral
sample tweet 6393,positive
sample tweet 6394,positive
sample tweet 6395,neutral
sample tweet 6396,positive
sample tweet 6397,negative
sample tweet 6398,positive
sample tweet 6399,positive
sample tweet 6400,positive
sample tweet 6401,neutral
sample tweet 6402,positive
sample tweet 6403,neutral
sample tweet 6404,negative
sample tweet 6405,positive
sample tweet 6406,neutral
sample tweet 6407,positive
sample tweet 6408,negative
sample tweet 6409,neutral
sample tweet 6410,neutral
sample tweet 6411,positive
sample tweet 6412,positive
sample tweet 6413,positive
sample tweet 6414,positive
sample tweet 6415,neutral
sample tweet 6416,positive
sample tweet 6417,positive
sample tweet 6418,neutral
sample tweet 6419,negative
sample tweet 6420,neutral
sample tweet 6421,positive
sample tweet 6422,positive
sample tweet 6423,positive
sample tweet 6424,neutral
sample tweet 6425,positive
sample tweet 6426,positive
sample tweet 6427,neutral
sample tweet 6428,negative
sample tweet 6429,positive
sample tweet 6430,positive
sample tweet 6431,neutral
sample tweet 6432,positive
sample tweet 6433,positive
sample tweet 6434,negative
sample tweet 6435,positive
sample tweet 6436,positive
sample tweet 6437,neutral
sample tweet 6438,neutral
sample tweet 6439,positive
sample tweet 6440,positive
sample tweet 6441,positive
sample tweet 6442,neutral
sample tweet 6443,neutral
sample tweet 6444,positive
sample tweet 6445,positive
sample tweet 6446,neutral
sample tweet 6447,positive
sample tweet 6448,positive
sample tweet 6449,negative
sample tweet 6450,neutral
sample tweet 6451,negative
sample tweet 6452,positive
sample tweet 6453,neutral
sample tweet 6454,positive
sample tweet 6455,neutral
sample tweet 6456,positive
sample tweet 6457,neutral
sample tweet 6458,negative
sample tweet 6459,positive
sample tweet 6460,positive
sample tweet 6461,positive
sample tweet 6462,neutral
sample tweet 6463,neutral
sample tweet 6464,positive
sample tweet 6465,positive
sample tweet 6466,neutral
sample tweet 6467,negative
sample tweet 6468,positive
sample tweet 6469,positive
sample tweet 6470,neutral
sample tweet 6471,negative
sample tweet 6472,positive
sample tweet 6473,negative
sample tweet 6474,negative
sample tweet 6475,positive
sample tweet 6476,neutral
sample tweet 6477,positive
sample tweet 6478,positive
sample tweet 6479,positive
sample tweet 6480,positive
sample tweet 6481,positive
sample tweet 6482,positive
sample tweet 6483,positive
sample tweet 6484,positive
sample tweet 6485,positive
sample tweet 6486,negative
sample tweet 6487,neutral
sample tweet 6488,positive
sample tweet 6489,neutral
sample tweet 6490,positive
sample tweet 6491,negative
sample tweet 6492,negative
sample tweet 6493,positive
sample tweet 6494,negative
sample tweet 6495,positive
sample tweet 6496,negative
sample tweet 6497,negative
sample tweet 6498,negative
sample tweet 6499,neutral
sample tweet 6500,positive
sample tweet 6501,positive
sample tweet 6502,positive
sample tweet 6503,positive
sample tweet 6504,negative
sample tweet 6505,neutral
sample tweet 6506,positive
sample tweet 6507,positive
sample tweet 6508,neutral
sample tweet 6509,neutral
sample tweet 6510,neutral
sample tweet 6511,negative
sample tweet 6512,positive
sample tweet 6513,positive
sample tweet 6514,positive
sample tweet 6515,positive
sample tweet 6516,negative
sample tweet 6517,positive
sample tweet 6518,negative
sample tweet 6519,negative
sample tweet 6520,positive
sample tweet 6521,positive
sample tweet 6522,positive
sample tweet 6523,positive
sample tweet 6524,neutral
sample tweet 6525,negative
sample tweet 6526,neutral
sample tweet 6527,positive
sample tweet 6528,neutral
sample tweet 6529,negative
sample tweet 6530,neutral
sample tweet 6531,neutral
sample tweet 6532,positive
sample tweet 6533,positive
sample tweet 6534,negative
sample tweet 6535,negative
sample tweet 6536,negative
sample tweet 6537,positive
sample tweet 6538,positive
sample tweet 6539,neutral
sample tweet 6540,negative
sample tweet 6541,positive
sample tweet 6542,positive
sample tweet 6543,positive
sample tweet 6544,neutral
sample tweet 6545,negative
sample tweet 6546,neutral
sample tweet 6547,negative
sample tweet 6548,negative
sample tweet 6549,positive
sample tweet 6550,neutral
sample tweet 6551,neutral
sample tweet 6552,negative
sample tweet 6553,neutral
sample tweet 6554,neutral
sample tweet 6555,positive
sample tweet 6556,positive
sample tweet 6557,neutral
sample tweet 6558,neutral
sample tweet 6559,negative
sample tweet 6560,positive
sample tweet 6561,positive
sample tweet 6562,positive
sample tweet 6563,positive
sample tweet 6564,negative
sample tweet 6565,negative
sample tweet 6566,neutral
sample tweet 6567,neutral
sample tweet 6568,positive
sample tweet 6569,neutral
sample tweet 6570,neutral
sample tweet 6571,neutral
sample tweet 6572,positive
sample tweet 6573,negative
sample tweet 6574,neutral
sample tweet 6575,neutral
sample tweet 6576,neutral
sample tweet 6577,negative
sample tweet 6578,negative
sample tweet 6579,neutral
sample tweet 6580,positive
sample tweet 6581,neutral
sample tweet 6582,neutral
sample tweet 6583,positive
sample tweet 6584,negative
sample tweet 6585,negative
sample tweet 6586,neutral
sample tweet 6587,neutral
sample tweet 6588,positive
sample tweet 6589,negative
sample tweet 6590,negative
sample tweet 6591,positive
sample tweet 6592,neutral
sample tweet 6593,positive
sample tweet 6594,positive
sample tweet 6595,neutral
sample tweet 6596,positive
sample tweet 6597,positive
sample tweet 6598,positive
sample tweet 6599,positive
sample tweet 6600,positive
sample tweet 6601,positive
sample tweet 6602,positive
sample tweet 6603,positive
sample tweet 6604,positive
sample tweet 6605,negative
sample tweet 6606,neutral
sample tweet 6607,positive
sample tweet 6608,neutral
sample tweet 6609,negative
sample tweet 6610,positive
sample tweet 6611,negative
sample tweet 6612,positive
sample tweet 6613,negative
sample tweet 6614,neutral
sample tweet 6615,positive
sample tweet 6616,neutral
sample tweet 6617,negative
sample tweet 6618,positive
sample tweet 6619,neutral
sample tweet 6620,positive
sample tweet 6621,neutral
sample tweet 6622,positive
sample tweet 6623,neutral
sample tweet 6624,neutral
sample tweet 6625,negative
sample tweet 6626,negative
sample tweet 6627,neutral
sample tweet 6628,negative
sample tweet 6629,positive
sample tweet 6630,neutral
sample tweet 6631,neutral
sample tweet 6632,neutral
sample tweet 6633,negative
sample tweet 6634,neutral
sample tweet 6635,negative
sample tweet 6636,positive
sample tweet 6637,negative
sample tweet 6638,neutral
sample tweet 6639,negative
sample tweet 6640,positive
sample tweet 6641,positive
sample tweet 6642,positive
sample tweet 6643,neutral
sample tweet 6644,negative
sample tweet 6645,negative
sample tweet 6646,positive
sample tweet 6647,negative
sample tweet 6648,negative
sample tweet 6649,negative
sample tweet 6650,positive
sample tweet 6651,negative
sample tweet 6652,positive
sample tweet 6653,neutral
sample tweet 6654,positive
sample tweet 6655,positive
sample tweet 6656,negative
sample tweet 6657,neutral
sample tweet 6658,positive
sample tweet 6659,positive
sample tweet 6660,positive
sample tweet 6661,neutral
sample tweet 6662,positive
sample tweet 6663,neutral
sample tweet 6664,negative
sample tweet 6665,negative
sample tweet 6666,negative
sample tweet 6667,positive
sample tweet 6668,positive
sample tweet 6669,neutral
sample tweet 6670,positive
sample tweet 6671,positive
sample tweet 6672,positive
sample tweet 6673,positive
sample tweet 6674,positive
sample tweet 6675,positive
sample tweet 6676,neutral
sample tweet 6677,neutral
sample tweet 6678,negative
sample tweet 6679,neutral
sample tweet 6680,positive
sample tweet 6681,negative
sample tweet 6682,neutral
sample tweet 6683,neutral
sample tweet 6684,positive
sample tweet 6685,positive
sample tweet 6686,negative
sample tweet 6687,positive
sample tweet 6688,positive
sample tweet 6689,positive
sample tweet 6690,neutral
sample tweet 6691,neutral
sample tweet 6692,negative
sample tweet 6693,positive
sample tweet 6694,positive
sample tweet 6695,positive
sample tweet 6696,neutral
sample tweet 6697,neutral
sample tweet 6698,negative
sample tweet 6699,negative
sample tweet 6700,positive
sample tweet 6701,negative
sample tweet 6702,positive
sample tweet 6703,negative
sample tweet 6704,positive
sample tweet 6705,positive
sample tweet 6706,positive
sample tweet 6707,positive
sample tweet 6708,negative
sample tweet 6709,neutral
sample tweet 6710,neutral
sample tweet 6711,negative
sample tweet 6712,positive
sample tweet 6713,positive
sample tweet 6714,neutral
sample tweet 6715,neutral
sample tweet 6716,neutral
sample tweet 6717,neutral
sample tweet 6718,negative
sample tweet 6719,negative
sample tweet 6720,neutral
sample tweet 6721,neutral
sample tweet 6722,negative
sample tweet 6723,positive
sample tweet 6724,positive
sample tweet 6725,positive
sample tweet 6726,neutral
sample tweet 6727,positive
sample tweet 6728,neutral
sample tweet 6729,positive
sample tweet 6730,neutral
sample tweet 6731,negative
sample tweet 6732,neutral
sample tweet 6733,positive
sample tweet 6734,positive
sample tweet 6735,positive
sample tweet 6736,neutral
sample tweet 6737,neutral
sample tweet 6738,negative
sample tweet 6739,negative
sample tweet 6740,positive
sample tweet 6741,negative
sample tweet 6742,negative
sample tweet 6743,positive
sample tweet 6744,negative
sample tweet 6745,positive
sample tweet 6746,positive
sample tweet 6747,positive
sample tweet 6748,positive
sample tweet 6749,positive
sample tweet 6750,negative
sample tweet 6751,positive
sample tweet 6752,neutral
sample tweet 6753,neutral
sample tweet 6754,positive
sample tweet 6755,positive
sample tweet 6756,neutral
sample tweet 6757,neutral
sample tweet 6758,negative
sample tweet 6759,negative
sample tweet 6760,neutral
sample tweet 6761,neutral
sample tweet 6762,positive
sample tweet 6763,neutral
sample tweet 6764,neutral
sample tweet 6765,positive
sample tweet 6766,neutral
sample tweet 6767,positive
sample tweet 6768,positive
sample tweet 6769,positive
sample tweet 6770,positive
sample tweet 6771,positive
sample tweet 6772,neutral
sample tweet 6773,positive
sample tweet 6774,positive
sample tweet 6775,negative
sample tweet 6776,negative
sample tweet 6777,neutral
sample tweet 6778,positive
sample tweet 6779,positive
sample tweet 6780,positive
sample tweet 6781,neutral
sample tweet 6782,positive
sample tweet 6783,negative
sample tweet 6784,neutral
sample tweet 6785,negative
sample tweet 6786,negative
sample tweet 6787,positive
sample tweet 6788,positive
sample tweet 6789,neutral
sample tweet 6790,positive
sample tweet 6791,neutral
sample tweet 6792,positive
sample tweet 6793,positive
sample tweet 6794,negative
sample tweet 6795,negative
sample tweet 6796,negative
sample tweet 6797,negative
sample tweet 6798,neutral
sample tweet 6799,neutral
sample tweet 6800,positive
sample tweet 6801,positive
sample tweet 6802,positive
sample tweet 6803,positive
sample tweet 6804,positive
sample tweet 6805,positive
sample tweet 6806,negative
sample tweet 6807,positive
sample tweet 6808,positive
sample tweet 6809,positive
sample tweet 6810,negative
sample tweet 6811,positive
sample tweet 6812,positive
sample tweet 6813,negative
sample tweet 6814,positive
sample tweet 6815,positive
sample tweet 6816,positive
sample tweet 6817,negative
sample tweet 6818,positive
sample tweet 6819,positive
sample tweet 6820,positive
sample tweet 6821,negative
sample tweet 6822,negative
sample tweet 6823,neutral
sample tweet 6824,positive
sample tweet 6825,negative
sample tweet 6826,neutral
sample tweet 6827,neutral
sample tweet 6828,positive
sample tweet 6829,positive
sample tweet 6830,positive
sample tweet 6831,positive
sample tweet 6832,negative
sample tweet 6833,negative
sample tweet 6834,negative
sample tweet 6835,neutral
sample tweet 6836,neutral
sample tweet 6837,neutral
sample tweet 6838,negative
sample tweet 6839,positive
sample tweet 6840,negative
sample tweet 6841,neutral
sample tweet 6842,positive
sample tweet 6843,positive
sample tweet 6844,positive
sample tweet 6845,neutral
sample tweet 6846,negative
sample tweet 6847,positive
sample tweet 6848,negative
sample tweet 6849,positive
sample tweet 6850,neutral
sample tweet 6851,negative
sample tweet 6852,positive
sample tweet 6853,neutral
sample tweet 6854,neutral
sample tweet 6855,neutral
sample tweet 6856,positive
sample tweet 6857,neutral
sample tweet 6858,negative
sample tweet 6859,positive
sample tweet 6860,positive
sample tweet 6861,neutral
sample tweet 6862,positive
sample tweet 6863,neutral
sample tweet 6864,positive
sample tweet 6865,positive
sample tweet 6866,positive
sample tweet 6867,positive
sample tweet 6868,positive
sample tweet 6869,positive
sample tweet 6870,negative
sample tweet 6871,negative
sample tweet 6872,negative
sample tweet 6873,positive
sample tweet 6874,positive
sample tweet 6875,positive
sample tweet 6876,negative
sample tweet 6877,negative
sample tweet 6878,positive
sample tweet 6879,positive
sample tweet 6880,neutral
sample tweet 6881,positive
sample tweet 6882,positive
sample tweet 6883,positive
sample tweet 6884,positive
sample tweet 6885,neutral
sample tweet 6886,positive
sample tweet 6887,positive
sample tweet 6888,neutral
sample tweet 6889,positive
sample tweet 6890,positive
sample tweet 6891,positive
sample tweet 6892,positive
sample tweet 6893,positive
sample tweet 6894,neutral
sample tweet 6895,positive
sample tweet 6896,neutral
sample tweet 6897,negative
sample tweet 6898,neutral
sample tweet 6899,neutral
sample tweet 6900,negative
sample tweet 6901,neutral
sample tweet 6902,positive
sample tweet 6903,neutral
sample tweet 6904,negative
sample tweet 6905,positive
sample tweet 6906,negative
sample tweet 6907,negative
sample tweet 6908,negative
sample tweet 6909,negative
sample tweet 6910,negative
sample tweet 6911,neutral
sample tweet 6912,negative
sample tweet 6913,neutral
sample tweet 6914,positive
sample tweet 6915,neutral
sample tweet 6916,negative
sample tweet 6917,negative
sample tweet 6918,positive
sample tweet 6919,neutral
sample tweet 6920,neutral
sample tweet 6921,neutral
sample tweet 6922,neutral
sample tweet 6923,negative
sample tweet 6924,positive
sample tweet 6925,positive
sample tweet 6926,negative
sample tweet 6927,negative
sample tweet 6928,neutral
sample tweet 6929,positive
sample tweet 6930,positive
sample tweet 6931,negative
sample tweet 6932,negative
sample tweet 6933,positive
sample tweet 6934,neutral
sample tweet 6935,positive
sample tweet 6936,neutral
sample tweet 6937,negative
sample tweet 6938,neutral
sample tweet 6939,negative
sample tweet 6940,neutral
sample tweet 6941,positive
sample tweet 6942,positive
sample tweet 6943,neutral
sample tweet 6944,negative
sample tweet 6945,negative
sample tweet 6946,neutral
sample tweet 6947,positive
sample tweet 6948,negative
sample tweet 6949,positive
sample tweet 6950,positive
sample tweet 6951,positive
sample tweet 6952,neutral
sample tweet 6953,positive
sample tweet 6954,neutral
sample tweet 6955,positive
sample tweet 6956,negative
sample tweet 6957,positive
sample tweet 6958,negative
sample tweet 6959,neutral
sample tweet 6960,positive
sample tweet 6961,neutral
sample tweet 6962,positive
sample tweet 6963,neutral
sample tweet 6964,negative
sample tweet 6965,negative
sample tweet 6966,neutral
sample tweet 6967,negative
sample tweet 6968,neutral
sample tweet 6969,positive
sample tweet 6970,negative
sample tweet 6971,neutral
sample tweet 6972,negative
sample tweet 6973,negative
sample tweet 6974,positive
sample tweet 6975,positive
sample tweet 6976,positive
sample tweet 6977,positive
sample tweet 6978,positive
sample tweet 6979,positive
sample tweet 6980,neutral
sample tweet 6981,neutral
sample tweet 6982,positive
sample tweet 6983,positive
sample tweet 6984,positive
sample tweet 6985,neutral
sample tweet 6986,neutral
sample tweet 6987,positive
sample tweet 6988,neutral
sample tweet 6989,negative
sample tweet 6990,negative
sample tweet 6991,neutral
sample tweet 6992,neutral
sample tweet 6993,neutral
sample tweet 6994,positive
sample tweet 6995,positive
sample tweet 6996,positive
sample tweet 6997,positive
sample tweet 6998,positive
sample tweet 6999,positive
sample tweet 7000,positive
sample tweet 7001,neutral
sample tweet 7002,positive
sample tweet 7003,negative
sample tweet 7004,neutral
sample tweet 7005,neutral
sample tweet 7006,negative
sample tweet 7007,positive
sample tweet 7008,positive
sample tweet 7009,neutral
sample tweet 7010,neutral
sample tweet 7011,positive
sample tweet 7012,neutral
sample tweet 7013,positive
sample tweet 7014,positive
sample tweet 7015,negative
sample tweet 7016,positive
sample tweet 7017,positive
sample tweet 7018,neutral
sample tweet 7019,neutral
sample tweet 7020,positive
sample tweet 7021,neutral
sample tweet 7022,neutral
sample tweet 7023,neutral
sample tweet 7024,positive
sample tweet 7025,neutral
sample tweet 7026,neutral
sample tweet 7027,positive
sample tweet 7028,negative
sample tweet 7029,negative
sample tweet 7030,positive
sample tweet 7031,negative
sample tweet 7032,positive
sample tweet 7033,neutral
sample tweet 7034,negative
sample tweet 7035,positive
sample tweet 7036,negative
sample tweet 7037,neutral
sample tweet 7038,positive
sample tweet 7039,neutral
sample tweet 7040,negative
sample tweet 7041,positive
sample tweet 7042,negative
sample tweet 7043,positive
sample tweet 7044,positive
sample tweet 7045,neutral
sample tweet 7046,neutral
sample tweet 7047,positive
sample tweet 7048,positive
sample tweet 7049,negative
sample tweet 7050,positive
sample tweet 7051,neutral
sample tweet 7052,positive
sample tweet 7053,neutral
sample tweet 7054,neutral
sample tweet 7055,positive
sample tweet 7056,positive
sample tweet 7057,neutral
sample tweet 7058,negative
sample tweet 7059,neutral
sample tweet 7060,positive
sample tweet 7061,positive
sample tweet 7062,positive
sample tweet 7063,neutral
sample tweet 7064,negative
sample tweet 7065,positive
sample tweet 7066,positive
sample tweet 7067,negative
sample tweet 7068,neutral
sample tweet 7069,positive
sample tweet 7070,negative
sample tweet 7071,negative
sample tweet 7072,negative
sample tweet 7073,neutral
sample tweet 7074,negative
sample tweet 7075,positive
sample tweet 7076,positive
sample tweet 7077,positive
sample tweet 7078,neutral
sample tweet 7079,negative
sample tweet 7080,neutral
sample tweet 7081,negative
sample tweet 7082,negative
sample tweet 7083,neutral
sample tweet 7084,negative
sample tweet 7085,neutral
sample tweet 7086,positive
sample tweet 7087,positive
sample tweet 7088,positive
sample tweet 7089,neutral
sample tweet 7090,positive
sample tweet 7091,neutral
sample tweet 7092,neutral
sample tweet 7093,negative
sample tweet 7094,positive
sample tweet 7095,negative
sample tweet 7096,neutral
sample tweet 7097,neutral
sample tweet 7098,negative
sample tweet 7099,positive
sample tweet 7100,positive
sample tweet 7101,negative
sample tweet 7102,positive
sample tweet 7103,positive
sample tweet 7104,positive
sample tweet 7105,neutral
sample tweet 7106,negative
sample tweet 7107,neutral
sample tweet 7108,neutral
sample tweet 7109,positive
sample tweet 7110,negative
sample tweet 7111,positive
sample tweet 7112,neutral
sample tweet 7113,positive
sample tweet 7114,positive
sample tweet 7115,negative
sample tweet 7116,positive
sample tweet 7117,negative
sample tweet 7118,positive
sample tweet 7119,positive
sample tweet 7120,neutral
sample tweet 7121,negative
sample tweet 7122,neutral
sample tweet 7123,negative
sample tweet 7124,neutral
sample tweet 7125,positive
sample tweet 7126,neutral
sample tweet 7127,neutral
sample tweet 7128,positive
sample tweet 7129,positive
sample tweet 7130,negative
sample tweet 7131,positive
sample tweet 7132,positive
sample tweet 7133,neutral
sample tweet 7134,negative
sample tweet 7135,positive
sample tweet 7136,neutral
sample tweet 7137,positive
sample tweet 7138,positive
sample tweet 7139,negative
sample tweet 7140,negative
sample tweet 7141,positive
sample tweet 7142,positive
sample tweet 7143,positive
sample tweet 7144,neutral
sample tweet 7145,positive
sample tweet 7146,neutral
sample tweet 7147,positive
sample tweet 7148,positive
sample tweet 7149,neutral
sample tweet 7150,positive
sample tweet 7151,neutral
sample tweet 7152,positive
sample tweet 7153,positive
sample tweet 7154,positive
sample tweet 7155,positive
sample tweet 7156,neutral
sample tweet 7157,neutral
sample tweet 7158,negative
sample tweet 7159,positive
sample tweet 7160,positive
sample tweet 7161,negative
sample tweet 7162,positive
sample tweet 7163,negative
sample tweet 7164,negative
sample tweet 7165,neutral
sample tweet 7166,positive
sample tweet 7167,neutral
sample tweet 7168,negative
sample tweet 7169,positive
sample tweet 7170,neutral
sample tweet 7171,positive
sample tweet 7172,neutral
sample tweet 7173,positive
sample tweet 7174,positive
sample tweet 7175,neutral
sample tweet 7176,neutral
sample tweet 7177,positive
sample tweet 7178,positive
sample tweet 7179,negative
sample tweet 7180,positive
sample tweet 7181,positive
sample tweet 7182,positive
sample tweet 7183,negative
sample tweet 7184,neutral
sample tweet 7185,neutral
sample tweet 7186,neutral
sample tweet 7187,neutral
sample tweet 7188,negative
sample tweet 7189,negative
sample tweet 7190,positive
sample tweet 7191,positive
sample tweet 7192,negative
sample tweet 7193,neutral
sample tweet 7194,positive
sample tweet 7195,negative
sample tweet 7196,positive
sample tweet 7197,positive
sample tweet 7198,positive
sample tweet 7199,positive
sample tweet 7200,negative
sample tweet 7201,negative
sample tweet 7202,neutral
sample tweet 7203,positive
sample tweet 7204,neutral
sample tweet 7205,neutral
sample tweet 7206,negative
sample tweet 7207,positive
sample tweet 7208,positive
sample tweet 7209,negative
sample tweet 7210,neutral
sample tweet 7211,negative
sample tweet 7212,neutral
sample tweet 7213,negative
sample tweet 7214,positive
sample tweet 7215,positive
sample tweet 7216,neutral
sample tweet 7217,positive
sample tweet 7218,positive
sample tweet 7219,negative
sample tweet 7220,positive
sample tweet 7221,negative
sample tweet 7222,negative
sample tweet 7223,positive
sample tweet 7224,neutral
sample tweet 7225,positive
sample tweet 7226,positive
sample tweet 7227,neutral
sample tweet 7228,negative
sample tweet 7229,negative
sample tweet 7230,negative
sample tweet 7231,positive
sample tweet 7232,neutral
sample tweet 7233,positive
sample tweet 7234,neutral
sample tweet 7235,positive
sample tweet 7236,negative
sample tweet 7237,neutral
sample tweet 7238,positive
sample tweet 7239,positive
sample tweet 7240,neutral
sample tweet 7241,negative
sample tweet 7242,negative
sample tweet 7243,positive
sample tweet 7244,positive
sample tweet 7245,positive
sample tweet 7246,positive
sample tweet 7247,positive
sample tweet 7248,negative
sample tweet 7249,positive
sample tweet 7250,negative
sample tweet 7251,positive
sample tweet 7252,positive
sample tweet 7253,neutral
sample tweet 7254,negative
sample tweet 7255,negative
sample tweet 7256,positive
sample tweet 7257,positive
sample tweet 7258,negative
sample tweet 7259,neutral
sample tweet 7260,neutral
sample tweet 7261,positive
sample tweet 7262,positive
sample tweet 7263,negative
sample tweet 7264,positive
sample tweet 7265,positive
sample tweet 7266,negative
sample tweet 7267,negative
sample tweet 7268,positive
sample tweet 7269,positive
sample tweet 7270,neutral
sample tweet 7271,negative
sample tweet 7272,negative
sample tweet 7273,positive
sample tweet 7274,positive
sample tweet 7275,negative
sample tweet 7276,neutral
sample tweet 7277,positive
sample tweet 7278,neutral
sample tweet 7279,positive
sample tweet 7280,neutral
sample tweet 7281,positive
sample tweet 7282,positive
sample tweet 7283,positive
sample tweet 7284,positive
sample tweet 7285,positive
sample tweet 7286,neutral
sample tweet 7287,negative
sample tweet 7288,positive
sample tweet 7289,neutral
sample tweet 7290,negative
sample tweet 7291,negative
sample tweet 7292,positive
sample tweet 7293,positive
sample tweet 7294,negative
sample tweet 7295,neutral
sample tweet 7296,negative
sample tweet 7297,neutral
sample tweet 7298,negative
sample tweet 7299,negative
sample tweet 7300,positive
sample tweet 7301,neutral
sample tweet 7302,positive
sample tweet 7303,negative
sample tweet 7304,negative
sample tweet 7305,neutral
sample tweet 7306,positive
sample tweet 7307,neutral
sample tweet 7308,negative
sample tweet 7309,positive
sample tweet 7310,neutral
sample tweet 7311,negative
sample tweet 7312,neutral
sample tweet 7313,neutral
sample tweet 7314,negative
sample tweet 7315,positive
sample tweet 7316,positive
sample tweet 7317,positive
sample tweet 7318,neutral
sample tweet 7319,positive
sample tweet 7320,neutral
sample tweet 7321,negative
sample tweet 7322,neutral
sample tweet 7323,positive
sample tweet 7324,positive
sample tweet 7325,positive
sample tweet 7326,positive
sample tweet 7327,positive
sample tweet 7328,neutral
sample tweet 7329,positive
sample tweet 7330,positive
sample tweet 7331,neutral
sample tweet 7332,neutral
sample tweet 7333,positive
sample tweet 7334,positive
sample tweet 7335,positive
sample tweet 7336,positive
sample tweet 7337,positive
sample tweet 7338,neutral
sample tweet 7339,neutral
sample tweet 7340,neutral
sample tweet 7341,neutral
sample tweet 7342,positive
sample tweet 7343,positive
sample tweet 7344,neutral
sample tweet 7345,neutral
sample tweet 7346,positive
sample tweet 7347,positive
sample tweet 7348,negative
sample tweet 7349,neutral
sample tweet 7350,positive
sample tweet 7351,positive
sample tweet 7352,neutral
sample tweet 7353,positive
sample tweet 7354,positive
sample tweet 7355,neutral
sample tweet 7356,negative
sample tweet 7357,positive
sample tweet 7358,positive
sample tweet 7359,neutral
sample tweet 7360,positive
sample tweet 7361,positive
sample tweet 7362,negative
sample tweet 7363,negative
sample tweet 7364,negative
sample tweet 7365,neutral
sample tweet 7366,positive
sample tweet 7367,positive
sample tweet 7368,neutral
sample tweet 7369,positive
sample tweet 7370,positive
sample tweet 7371,negative
sample tweet 7372,neutral
sample tweet 7373,negative
sample tweet 7374,negative
sample tweet 7375,positive
sample tweet 7376,neutral
sample tweet 7377,neutral
sample tweet 7378,positive
sample tweet 7379,positive
sample tweet 7380,negative
sample tweet 7381,neutral
sample tweet 7382,positive
sample tweet 7383,neutral
sample tweet 7384,neutral
sample tweet 7385,positive
sample tweet 7386,positive
sample tweet 7387,positive
sample tweet 7388,neutral
sample tweet 7389,positive
sample tweet 7390,positive
sample tweet 7391,negative
sample tweet 7392,positive
sample tweet 7393,neutral
sample tweet 7394,neutral
sample tweet 7395,neutral
sample tweet 7396,positive
sample tweet 7397,neutral
sample tweet 7398,negative
sample tweet 7399,neutral
sample tweet 7400,positive
sample tweet 7401,positive
sample tweet 7402,positive
sample tweet 7403,positive
sample tweet 7404,negative
sample tweet 7405,neutral
sample tweet 7406,positive
sample tweet 7407,positive
sample tweet 7408,positive
sample tweet 7409,negative
sample tweet 7410,neutral
sample tweet 7411,negative
sample tweet 7412,neutral
sample tweet 7413,positive
sample tweet 7414,neutral
sample tweet 7415,positive
sample tweet 7416,positive
sample tweet 7417,negative
sample tweet 7418,positive
sample tweet 7419,neutral
sample tweet 7420,neutral
sample tweet 7421,negative
sample tweet 7422,neutral
sample tweet 7423,positive
sample tweet 7424,positive
sample tweet 7425,positive
sample tweet 7426,neutral
sample tweet 7427,positive
sample tweet 7428,negative
sample tweet 7429,neutral
sample tweet 7430,neutral
sample tweet 7431,positive
sample tweet 7432,neutral
sample tweet 7433,positive
sample tweet 7434,neutral
sample tweet 7435,neutral
sample tweet 7436,negative
sample tweet 7437,negative
sample tweet 7438,neutral
sample tweet 7439,positive
sample tweet 7440,neutral
sample tweet 7441,neutral
sample tweet 7442,neutral
sample tweet 7443,negative
sample tweet 7444,positive
sample tweet 7445,positive
sample tweet 7446,neutral
sample tweet 7447,positive
sample tweet 7448,positive
sample tweet 7449,neutral
sample tweet 7450,positive
sample tweet 7451,neutral
sample tweet 7452,negative
sample tweet 7453,positive
sample tweet 7454,positive
sample tweet 7455,negative
sample tweet 7456,neutral
sample tweet 7457,positive
sample tweet 7458,positive
sample tweet 7459,positive
sample tweet 7460,negative
sample tweet 7461,negative
sample tweet 7462,negative
sample tweet 7463,negative
sample tweet 7464,neutral
sample tweet 7465,neutral
sample tweet 7466,positive
sample tweet 7467,neutral
sample tweet 7468,negative
sample tweet 7469,positive
sample tweet 7470,negative
sample tweet 7471,positive
sample tweet 7472,positive
sample tweet 7473,positive
sample tweet 7474,neutral
sample tweet 7475,neutral
sample tweet 7476,neutral
sample tweet 7477,positive
sample tweet 7478,positive
sample tweet 7479,positive
sample tweet 7480,negative
sample tweet 7481,neutral
sample tweet 7482,positive
sample tweet 7483,positive
sample tweet 7484,positive
sample tweet 7485,negative
sample tweet 7486,positive
sample tweet 7487,positive
sample tweet 7488,neutral
sample tweet 7489,neutral
sample tweet 7490,negative
sample tweet 7491,positive
sample tweet 7492,neutral
sample tweet 7493,neutral
sample tweet 7494,positive
sample tweet 7495,positive
sample tweet 7496,positive
sample tweet 7497,negative
sample tweet 7498,negative
sample tweet 7499,positive
sample tweet 7500,negative
sample tweet 7501,negative
sample tweet 7502,neutral
sample tweet 7503,positive
sample tweet 7504,positive
sample tweet 7505,positive
sample tweet 7506,positive
sample tweet 7507,neutral
sample tweet 7508,neutral
sample tweet 7509,neutral
sample tweet 7510,positive
sample tweet 7511,neutral
sample tweet 7512,neutral
sample tweet 7513,negative
sample tweet 7514,positive
sample tweet 7515,neutral
sample tweet 7516,negative
sample tweet 7517,neutral
sample tweet 7518,neutral
sample tweet 7519,positive
sample tweet 7520,positive
sample tweet 7521,positive
sample tweet 7522,positive
sample tweet 7523,positive
sample tweet 7524,positive
sample tweet 7525,neutral
sample tweet 7526,positive
sample tweet 7527,negative
sample tweet 7528,neutral
sample tweet 7529,negative
sample tweet 7530,neutral
sample tweet 7531,positive
sample tweet 7532,negative
sample tweet 7533,positive
sample tweet 7534,neutral
sample tweet 7535,neutral
sample tweet 7536,negative
sample tweet 7537,negative
sample tweet 7538,neutral
sample tweet 7539,negative
sample tweet 7540,positive
sample tweet 7541,neutral
sample tweet 7542,neutral
sample tweet 7543,positive
sample tweet 7544,positive
sample tweet 7545,negative
sample tweet 7546,neutral
sample tweet 7547,positive
sample tweet 7548,positive
sample tweet 7549,positive
sample tweet 7550,positive
sample tweet 7551,negative
sample tweet 7552,neutral
sample tweet 7553,positive
sample tweet 7554,positive
sample tweet 7555,positive
sample tweet 7556,positive
sample tweet 7557,positive
sample tweet 7558,positive
sample tweet 7559,neutral
sample tweet 7560,negative
sample tweet 7561,negative
sample tweet 7562,neutral
sample tweet 7563,negative
sample tweet 7564,neutral
sample tweet 7565,positive
sample tweet 7566,positive
sample tweet 7567,positive
sample tweet 7568,positive
sample tweet 7569,neutral
sample tweet 7570,neutral
sample tweet 7571,positive
sample tweet 7572,negative
sample tweet 7573,neutral
sample tweet 7574,negative
sample tweet 7575,positive
sample tweet 7576,neutral
sample tweet 7577,negative
sample tweet 7578,negative
sample tweet 7579,positive
sample tweet 7580,positive
sample tweet 7581,negative
sample tweet 7582,negative
sample tweet 7583,positive
sample tweet 7584,positive
sample tweet 7585,negative
sample tweet 7586,positive
sample tweet 7587,positive
sample tweet 7588,negative
sample tweet 7589,positive
sample tweet 7590,neutral
sample tweet 7591,positive
sample tweet 7592,positive
sample tweet 7593,neutral
sample tweet 7594,negative
sample tweet 7595,negative
sample tweet 7596,neutral
sample tweet 7597,neutral
sample tweet 7598,positive
sample tweet 7599,positive
sample tweet 7600,positive
sample tweet 7601,positive
sample tweet 7602,positive
sample tweet 7603,positive
sample tweet 7604,positive
sample tweet 7605,negative
sample tweet 7606,positive
sample tweet 7607,negative
sample tweet 7608,neutral
sample tweet 7609,neutral
sample tweet 7610,positive
sample tweet 7611,negative
sample tweet 7612,positive
sample tweet 7613,positive
sample tweet 7614,neutral
sample tweet 7615,positive
sample tweet 7616,positive
sample tweet 7617,negative
sample tweet 7618,negative
sample tweet 7619,positive
sample tweet 7620,neutral
sample tweet 7621,positive
sample tweet 7622,negative
sample tweet 7623,positive
sample tweet 7624,neutral
sample tweet 7625,positive
sample tweet 7626,positive
sample tweet 7627,negative
sample tweet 7628,positive
sample tweet 7629,positive
sample tweet 7630,neutral
sample tweet 7631,positive
sample tweet 7632,neutral
sample tweet 7633,positive
sample tweet 7634,negative
sample tweet 7635,negative
sample tweet 7636,neutral
sample tweet 7637,negative
sample tweet 7638,neutral
sample tweet 7639,positive
sample tweet 7640,positive
sample tweet 7641,neutral
sample tweet 7642,positive
sample tweet 7643,neutral
sample tweet 7644,neutral
sample tweet 7645,negative
sample tweet 7646,positive
sample tweet 7647,positive
sample tweet 7648,positive
sample tweet 7649,positive
sample tweet 7650,neutral
sample tweet 7651,positive
sample tweet 7652,negative
sample tweet 7653,negative
sample tweet 7654,neutral
sample tweet 7655,negative
sample tweet 7656,neutral
sample tweet 7657,negative
sample tweet 7658,negative
sample tweet 7659,positive
sample tweet 7660,negative
sample tweet 7661,positive
sample tweet 7662,negative
sample tweet 7663,positive
sample tweet 7664,negative
sample tweet 7665,negative
sample tweet 7666,negative
sample tweet 7667,neutral
sample tweet 7668,positive
sample tweet 7669,neutral
sample tweet 7670,positive
sample tweet 7671,positive
sample tweet 7672,neutral
sample tweet 7673,neutral
sample tweet 7674,neutral
sample tweet 7675,positive
sample tweet 7676,positive
sample tweet 7677,negative
sample tweet 7678,negative
sample tweet 7679,neutral
sample tweet 7680,positive
sample tweet 7681,neutral
sample tweet 7682,neutral
sample tweet 7683,neutral
sample tweet 7684,neutral
sample tweet 7685,positive
sample tweet 7686,positive
sample tweet 7687,positive
sample tweet 7688,negative
sample tweet 7689,positive
sample tweet 7690,neutral
sample tweet 7691,negative
sample tweet 7692,neutral
sample tweet 7693,negative
sample tweet 7694,positive
sample tweet 7695,neutral
sample tweet 7696,neutral
sample tweet 7697,positive
sample tweet 7698,negative
sample tweet 7699,positive
sample tweet 7700,neutral
sample tweet 7701,positive
sample tweet 7702,neutral
sample tweet 7703,neutral
sample tweet 7704,positive
sample tweet 7705,positive
sample tweet 7706,neutral
sample tweet 7707,negative
sample tweet 7708,positive
sample tweet 7709,neutral
sample tweet 7710,neutral
sample tweet 7711,positive
sample tweet 7712,neutral
sample tweet 7713,positive
sample tweet 7714,negative
sample tweet 7715,positive
sample tweet 7716,positive
sample tweet 7717,positive
sample tweet 7718,positive
sample tweet 7719,positive
sample tweet 7720,positive
sample tweet 7721,positive
sample tweet 7722,positive
sample tweet 7723,positive
sample tweet 7724,neutral
sample tweet 7725,negative
sample tweet 7726,neutral
sample tweet 7727,neutral
sample tweet 7728,positive
sample tweet 7729,neutral
sample tweet 7730,positive
sample tweet 7731,negative
sample tweet 7732,positive
sample tweet 7733,negative
sample tweet 7734,neutral
sample tweet 7735,negative
sample tweet 7736,positive
sample tweet 7737,positive
sample tweet 7738,negative
sample tweet 7739,neutral
sample tweet 7740,negative
sample tweet 7741,positive
sample tweet 7742,neutral
sample tweet 7743,positive
sample tweet 7744,positive
sample tweet 7745,positive
sample tweet 7746,positive
sample tweet 7747,positive
sample tweet 7748,neutral
sample tweet 7749,positive
sample tweet 7750,negative
sample tweet 7751,neutral
sample tweet 7752,negative
sample tweet 7753,positive
sample tweet 7754,positive
sample tweet 7755,neutral
sample tweet 7756,neutral
sample tweet 7757,positive
sample tweet 7758,positive
sample tweet 7759,neutral
sample tweet 7760,negative
sample tweet 7761,positive
sample tweet 7762,negative
sample tweet 7763,negative
sample tweet 7764,neutral
sample tweet 7765,negative
sample tweet 7766,neutral
sample tweet 7767,negative
sample tweet 7768,negative
sample tweet 7769,positive
sample tweet 7770,positive
sample tweet 7771,positive
sample tweet 7772,positive
sample tweet 7773,negative
sample tweet 7774,neutral
sample tweet 7775,negative
sample tweet 7776,neutral
sample tweet 7777,neutral
sample tweet 7778,negative
sample tweet 7779,neutral
sample tweet 7780,positive
sample tweet 7781,positive
sample tweet 7782,negative
sample tweet 7783,negative
sample tweet 7784,positive
sample tweet 7785,positive
sample tweet 7786,negative
sample tweet 7787,positive
sample tweet 7788,neutral
sample tweet 7789,positive
sample tweet 7790,neutral
sample tweet 7791,negative
sample tweet 7792,positive
sample tweet 7793,negative
sample tweet 7794,negative
sample tweet 7795,neutral
sample tweet 7796,negative
sample tweet 7797,positive
sample tweet 7798,negative
sample tweet 7799,negative
sample tweet 7800,negative
sample tweet 7801,positive
sample tweet 7802,positive
sample tweet 7803,positive
sample tweet 7804,negative
sample tweet 7805,negative
sample tweet 7806,neutral
sample tweet 7807,positive
sample tweet 7808,positive
sample tweet 7809,negative
sample tweet 7810,positive
sample tweet 7811,positive
sample tweet 7812,negative
sample tweet 7813,neutral
sample tweet 7814,neutral
sample tweet 7815,negative
sample tweet 7816,neutral
sample tweet 7817,positive
sample tweet 7818,negative
sample tweet 7819,positive
sample tweet 7820,positive
sample tweet 7821,positive
sample tweet 7822,positive
sample tweet 7823,negative
sample tweet 7824,neutral
sample tweet 7825,positive
sample tweet 7826,neutral
sample tweet 7827,positive
sample tweet 7828,neutral
sample tweet 7829,positive
sample tweet 7830,negative
sample tweet 7831,neutral
sample tweet 7832,positive
sample tweet 7833,positive
sample tweet 7834,positive
sample tweet 7835,positive
sample tweet 7836,positive
sample tweet 7837,neutral
sample tweet 7838,positive
sample tweet 7839,negative
sample tweet 7840,negative
sample tweet 7841,neutral
sample tweet 7842,positive
sample tweet 7843,positive
sample tweet 7844,negative
sample tweet 7845,neutral
sample tweet 7846,neutral
sample tweet 7847,neutral
sample tweet 7848,negative
sample tweet 7849,negative
sample tweet 7850,negative
sample tweet 7851,neutral
sample tweet 7852,positive
sample tweet 7853,neutral
sample tweet 7854,negative
sample tweet 7855,positive
sample tweet 7856,positive
sample tweet 7857,neutral
sample tweet 7858,neutral
sample tweet 7859,neutral
sample tweet 7860,negative
sample tweet 7861,positive
sample tweet 7862,neutral
sample tweet 7863,negative
sample tweet 7864,negative
sample tweet 7865,positive
sample tweet 7866,positive
sample tweet 7867,positive
sample tweet 7868,positive
sample tweet 7869,neutral
sample tweet 7870,negative
sample tweet 7871,neutral
sample tweet 7872,positive
sample tweet 7873,neutral
sample tweet 7874,negative
sample tweet 7875,positive
sample tweet 7876,positive
sample tweet 7877,positive
sample tweet 7878,neutral
sample tweet 7879,neutral
sample tweet 7880,positive
sample tweet 7881,negative
sample tweet 7882,negative
sample tweet 7883,neutral
sample tweet 7884,negative
sample tweet 7885,positive
sample tweet 7886,neutral
sample tweet 7887,neutral
sample tweet 7888,negative
sample tweet 7889,negative
sample tweet 7890,positive
sample tweet 7891,positive
sample tweet 7892,positive
sample tweet 7893,neutral
sample tweet 7894,positive
sample tweet 7895,positive
sample tweet 7896,negative
sample tweet 7897,neutral
sample tweet 7898,positive
sample tweet 7899,negative
sample tweet 7900,positive
sample tweet 7901,negative
sample tweet 7902,neutral
sample tweet 7903,positive
sample tweet 7904,neutral
sample tweet 7905,negative
sample tweet 7906,neutral
sample tweet 7907,positive
sample tweet 7908,positive
sample tweet 7909,positive
sample tweet 7910,positive
sample tweet 7911,positive
sample tweet 7912,negative
sample tweet 7913,neutral
sample tweet 7914,positive
sample tweet 7915,neutral
sample tweet 7916,neutral
sample tweet 7917,positive
sample tweet 7918,positive
sample tweet 7919,positive
sample tweet 7920,negative
sample tweet 7921,positive
sample tweet 7922,neutral
sample tweet 7923,negative
sample tweet 7924,positive
sample tweet 7925,neutral
sample tweet 7926,negative
sample tweet 7927,neutral
sample tweet 7928,negative
sample tweet 7929,neutral
sample tweet 7930,neutral
sample tweet 7931,positive
sample tweet 7932,negative
sample tweet 7933,neutral
sample tweet 7934,positive
sample tweet 7935,positive
sample tweet 7936,neutral
sample tweet 7937,negative
sample tweet 7938,negative
sample tweet 7939,positive
sample tweet 7940,positive
sample tweet 7941,positive
sample tweet 7942,positive
sample tweet 7943,positive
sample tweet 7944,positive
sample tweet 7945,negative
sample tweet 7946,negative
sample tweet 7947,positive
sample tweet 7948,negative
sample tweet 7949,positive
sample tweet 7950,negative
sample tweet 7951,neutral
sample tweet 7952,positive
sample tweet 7953,neutral
sample tweet 7954,negative
sample tweet 7955,negative
sample tweet 7956,negative
sample tweet 7957,positive
sample tweet 7958,positive
sample tweet 7959,neutral
sample tweet 7960,negative
sample tweet 7961,negative
sample tweet 7962,negative
sample tweet 7963,neutral
sample tweet 7964,positive
sample tweet 7965,positive
sample tweet 7966,neutral
sample tweet 7967,positive
sample tweet 7968,positive
sample tweet 7969,positive
sample tweet 7970,neutral
sample tweet 7971,negative
sample tweet 7972,neutral
sample tweet 7973,positive
sample tweet 7974,positive
sample tweet 7975,neutral
sample tweet 7976,neutral
sample tweet 7977,neutral
sample tweet 7978,positive
sample tweet 7979,negative
sample tweet 7980,positive
sample tweet 7981,negative
sample tweet 7982,positive
sample tweet 7983,neutral
sample tweet 7984,positive
sample tweet 7985,positive
sample tweet 7986,negative
sample tweet 7987,positive
sample tweet 7988,positive
sample tweet 7989,negative
sample tweet 7990,negative
sample tweet 7991,positive
sample tweet 7992,positive
sample tweet 7993,negative
sample tweet 7994,neutral
sample tweet 7995,positive
sample tweet 7996,neutral
sample tweet 7997,negative
sample tweet 7998,positive
sample tweet 7999,positive
sample tweet 8000,positive
sample tweet 8001,neutral
sample tweet 8002,positive
sample tweet 8003,positive
sample tweet 8004,negative
sample tweet 8005,positive
sample tweet 8006,negative
sample tweet 8007,negative
sample tweet 8008,negative
sample tweet 8009,positive
sample tweet 8010,positive
sample tweet 8011,neutral
sample tweet 8012,positive
sample tweet 8013,positive
sample tweet 8014,positive
sample tweet 8015,neutral
sample tweet 8016,neutral
sample tweet 8017,positive
sample tweet 8018,positive
sample tweet 8019,positive
sample tweet 8020,positive
sample tweet 8021,positive
sample tweet 8022,positive
sample tweet 8023,positive
sample tweet 8024,negative
sample tweet 8025,neutral
sample tweet 8026,neutral
sample tweet 8027,neutral
sample tweet 8028,negative
sample tweet 8029,positive
sample tweet 8030,positive
sample tweet 8031,neutral
sample tweet 8032,positive
sample tweet 8033,positive
sample tweet 8034,positive
sample tweet 8035,neutral
sample tweet 8036,neutral
sample tweet 8037,neutral
sample tweet 8038,negative
sample tweet 8039,negative
sample tweet 8040,positive
sample tweet 8041,neutral
sample tweet 8042,neutral
sample tweet 8043,positive
sample tweet 8044,positive
sample tweet 8045,positive
sample tweet 8046,positive
sample tweet 8047,neutral
sample tweet 8048,positive
sample tweet 8049,neutral
sample tweet 8050,positive
sample tweet 8051,positive
sample tweet 8052,negative
sample tweet 8053,negative
sample tweet 8054,negative
sample tweet 8055,neutral
sample tweet 8056,negative
sample tweet 8057,positive
sample tweet 8058,positive
sample tweet 8059,positive
sample tweet 8060,negative
sample tweet 8061,negative
sample tweet 8062,positive
sample tweet 8063,positive
sample tweet 8064,positive
sample tweet 8065,positive
sample tweet 8066,negative
sample tweet 8067,positive
sample tweet 8068,positive
sample tweet 8069,neutral
sample tweet 8070,positive
sample tweet 8071,neutral
sample tweet 8072,positive
sample tweet 8073,positive
sample tweet 8074,positive
sample tweet 8075,positive
sample tweet 8076,neutral
sample tweet 8077,positive
sample tweet 8078,positive
sample tweet 8079,positive
sample tweet 8080,neutral
sample tweet 8081,positive
sample tweet 8082,positive
sample tweet 8083,neutral
sample tweet 8084,positive
sample tweet 8085,neutral
sample tweet 8086,neutral
sample tweet 8087,negative
sample tweet 8088,negative
sample tweet 8089,neutral
sample tweet 8090,positive
sample tweet 8091,positive
sample tweet 8092,neutral
sample tweet 8093,negative
sample tweet 8094,neutral
sample tweet 8095,negative
sample tweet 8096,negative
sample tweet 8097,positive
sample tweet 8098,positive
sample tweet 8099,negative
sample tweet 8100,negative
sample tweet 8101,positive
sample tweet 8102,neutral
sample tweet 8103,negative
sample tweet 8104,positive
sample tweet 8105,neutral
sample tweet 8106,positive
sample tweet 8107,positive
sample tweet 8108,positive
sample tweet 8109,positive
sample tweet 8110,neutral
sample tweet 8111,negative
sample tweet 8112,positive
sample tweet 8113,negative
sample tweet 8114,neutral
sample tweet 8115,positive
sample tweet 8116,negative
sample tweet 8117,neutral
sample tweet 8118,neutral
sample tweet 8119,positive
sample tweet 8120,neutral
sample tweet 8121,negative
sample tweet 8122,neutral
sample tweet 8123,positive
sample tweet 8124,positive
sample tweet 8125,neutral
sample tweet 8126,positive
sample tweet 8127,neutral
sample tweet 8128,neutral
sample tweet 8129,positive
sample tweet 8130,negative
sample tweet 8131,positive
sample tweet 8132,positive
sample tweet 8133,negative
sample tweet 8134,positive
sample tweet 8135,positive
sample tweet 8136,positive
sample tweet 8137,negative
sample tweet 8138,positive
sample tweet 8139,positive
sample tweet 8140,positive
sample tweet 8141,neutral
sample tweet 8142,neutral
sample tweet 8143,positive
sample tweet 8144,neutral
sample tweet 8145,positive
sample tweet 8146,positive
sample tweet 8147,positive
sample tweet 8148,negative
sample tweet 8149,positive
sample tweet 8150,positive
sample tweet 8151,negative
sample tweet 8152,positive
sample tweet 8153,positive
sample tweet 8154,negative
sample tweet 8155,neutral
sample tweet 8156,positive
sample tweet 8157,positive
sample tweet 8158,neutral
sample tweet 8159,positive
sample tweet 8160,positive
sample tweet 8161,negative
sample tweet 8162,positive
sample tweet 8163,positive
sample tweet 8164,positive
sample tweet 8165,positive
sample tweet 8166,positive
sample tweet 8167,neutral
sample tweet 8168,neutral
sample tweet 8169,positive
sample tweet 8170,positive
sample tweet 8171,negative
sample tweet 8172,positive
sample tweet 8173,neutral
sample tweet 8174,negative
sample tweet 8175,negative
sample tweet 8176,negative
sample tweet 8177,neutral
sample tweet 8178,negative
sample tweet 8179,positive
sample tweet 8180,positive
sample tweet 8181,positive
sample tweet 8182,negative
sample tweet 8183,positive
sample tweet 8184,positive
sample tweet 8185,positive
sample tweet 8186,neutral
sample tweet 8187,neutral
sample tweet 8188,positive
sample tweet 8189,neutral
sample tweet 8190,neutral
sample tweet 8191,positive
sample tweet 8192,neutral
sample tweet 8193,positive
sample tweet 8194,neutral
sample tweet 8195,neutral
sample tweet 8196,positive
sample tweet 8197,positive
sample tweet 8198,negative
sample tweet 8199,neutral
sample tweet 8200,positive
sample tweet 8201,negative
sample tweet 8202,negative
sample tweet 8203,negative
sample tweet 8204,positive
sample tweet 8205,negative
sample tweet 8206,neutral
sample tweet 8207,positive
sample tweet 8208,negative
sample tweet 8209,positive
sample tweet 8210,negative
sample tweet 8211,negative
sample tweet 8212,neutral
sample tweet 8213,negative
sample tweet 8214,neutral
sample tweet 8215,negative
sample tweet 8216,negative
sample tweet 8217,neutral
sample tweet 8218,neutral
sample tweet 8219,negative
sample tweet 8220,neutral
sample tweet 8221,positive
sample tweet 8222,positive
sample tweet 8223,positive
sample tweet 8224,neutral
sample tweet 8225,positive
sample tweet 8226,positive
sample tweet 8227,neutral
sample tweet 8228,positive
sample tweet 8229,positive
sample tweet 8230,neutral
sample tweet 8231,positive
sample tweet 8232,negative
sample tweet 8233,positive
sample tweet 8234,positive
sample tweet 8235,positive
sample tweet 8236,negative
sample tweet 8237,positive
sample tweet 8238,negative
sample tweet 8239,neutral
sample tweet 8240,neutral
sample tweet 8241,positive
sample tweet 8242,neutral
sample tweet 8243,positive
sample tweet 8244,neutral
sample tweet 8245,negative
sample tweet 8246,positive
sample tweet 8247,positive
sample tweet 8248,neutral
sample tweet 8249,positive
sample tweet 8250,positive
sample tweet 8251,positive
sample tweet 8252,positive
sample tweet 8253,neutral
sample tweet 8254,positive
sample tweet 8255,neutral
sample tweet 8256,positive
sample tweet 8257,positive
sample tweet 8258,negative
sample tweet 8259,positive
sample tweet 8260,negative
sample tweet 8261,neutral
sample tweet 8262,positive
sample tweet 8263,negative
sample tweet 8264,neutral
sample tweet 8265,neutral
sample tweet 8266,positive
sample tweet 8267,negative
sample tweet 8268,positive
sample tweet 8269,positive
sample tweet 8270,positive
sample tweet 8271,negative
sample tweet 8272,positive
sample tweet 8273,positive
sample tweet 8274,neutral
sample tweet 8275,neutral
sample tweet 8276,positive
sample tweet 8277,negative
sample tweet 8278,positive
sample tweet 8279,neutral
sample tweet 8280,positive
sample tweet 8281,neutral
sample tweet 8282,positive
sample tweet 8283,positive
sample tweet 8284,neutral
sample tweet 8285,positive
sample tweet 8286,neutral
sample tweet 8287,positive
sample tweet 8288,negative
sample tweet 8289,negative
sample tweet 8290,neutral
sample tweet 8291,neutral
sample tweet 8292,neutral
sample tweet 8293,positive
sample tweet 8294,neutral
sample tweet 8295,positive
sample tweet 8296,neutral
sample tweet 8297,positive
sample tweet 8298,negative
sample tweet 8299,positive
sample tweet 8300,positive
sample tweet 8301,positive
sample tweet 8302,neutral
sample tweet 8303,positive
sample tweet 8304,positive
sample tweet 8305,negative
sample tweet 8306,neutral
sample tweet 8307,positive
sample tweet 8308,positive
sample tweet 8309,neutral
sample tweet 8310,neutral
sample tweet 8311,negative
sample tweet 8312,positive
sample tweet 8313,neutral
sample tweet 8314,negative
sample tweet 8315,negative
sample tweet 8316,neutral
sample tweet 8317,positive
sample tweet 8318,neutral
sample tweet 8319,positive
sample tweet 8320,positive
sample tweet 8321,neutral
sample tweet 8322,neutral
sample tweet 8323,neutral
sample tweet 8324,positive
sample tweet 8325,positive
sample tweet 8326,negative
sample tweet 8327,positive
sample tweet 8328,neutral
sample tweet 8329,positive
sample tweet 8330,negative
sample tweet 8331,positive
sample tweet 8332,positive
sample tweet 8333,positive
sample tweet 8334,positive
sample tweet 8335,positive
sample tweet 8336,neutral
sample tweet 8337,positive
sample tweet 8338,positive
sample tweet 8339,neutral
sample tweet 8340,positive
sample tweet 8341,positive
sample tweet 8342,positive
sample tweet 8343,neutral
sample tweet 8344,positive
sample tweet 8345,positive
sample tweet 8346,positive
sample tweet 8347,positive
sample tweet 8348,negative
sample tweet 8349,positive
sample tweet 8350,positive
sample tweet 8351,positive
sample tweet 8352,negative
sample tweet 8353,neutral
sample tweet 8354,positive
sample tweet 8355,negative
sample tweet 8356,positive
sample tweet 8357,neutral
sample tweet 8358,neutral
sample tweet 8359,negative
sample tweet 8360,neutral
sample tweet 8361,positive
sample tweet 8362,positive
sample tweet 8363,positive
sample tweet 8364,positive
sample tweet 8365,neutral
sample tweet 8366,negative
sample tweet 8367,positive
sample tweet 8368,negative
sample tweet 8369,negative
sample tweet 8370,neutral
sample tweet 8371,positive
sample tweet 8372,positive
sample tweet 8373,positive
sample tweet 8374,negative
sample tweet 8375,positive
sample tweet 8376,negative
sample tweet 8377,neutral
sample tweet 8378,positive
sample tweet 8379,neutral
sample tweet 8380,neutral
sample tweet 8381,neutral
sample tweet 8382,negative
sample tweet 8383,positive
sample tweet 8384,positive
sample tweet 8385,positive
sample tweet 8386,positive
sample tweet 8387,neutral
sample tweet 8388,positive
sample tweet 8389,positive
sample tweet 8390,negative
sample tweet 8391,positive
sample tweet 8392,negative
sample tweet 8393,neutral
sample tweet 8394,positive
sample tweet 8395,negative
sample tweet 8396,positive
sample tweet 8397,positive
sample tweet 8398,positive
sample tweet 8399,neutral
sample tweet 8400,positive
sample tweet 8401,neutral
sample tweet 8402,negative
sample tweet 8403,positive
sample tweet 8404,positive
sample tweet 8405,neutral
sample tweet 8406,neutral
sample tweet 8407,positive
sample tweet 8408,positive
sample tweet 8409,positive
sample tweet 8410,positive
sample tweet 8411,neutral
sample tweet 8412,positive
sample tweet 8413,neutral
sample tweet 8414,positive
sample tweet 8415,positive
sample tweet 8416,neutral
sample tweet 8417,neutral
sample tweet 8418,negative
sample tweet 8419,positive
sample tweet 8420,positive
sample tweet 8421,negative
sample tweet 8422,positive
sample tweet 8423,neutral
sample tweet 8424,neutral
sample tweet 8425,positive
sample tweet 8426,neutral
sample tweet 8427,positive
sample tweet 8428,positive
sample tweet 8429,positive
sample tweet 8430,neutral
sample tweet 8431,positive
sample tweet 8432,positive
sample tweet 8433,neutral
sample tweet 8434,neutral
sample tweet 8435,positive
sample tweet 8436,positive
sample tweet 8437,neutral
sample tweet 8438,positive
sample tweet 8439,neutral
sample tweet 8440,neutral
sample tweet 8441,neutral
sample tweet 8442,positive
sample tweet 8443,neutral
sample tweet 8444,neutral
sample tweet 8445,positive
sample tweet 8446,negative
sample tweet 8447,negative
sample tweet 8448,negative
sample tweet 8449,neutral
sample tweet 8450,negative
sample tweet 8451,positive
sample tweet 8452,neutral
sample tweet 8453,neutral
sample tweet 8454,negative
sample tweet 8455,neutral
sample tweet 8456,negative
sample tweet 8457,negative
sample tweet 8458,positive
sample tweet 8459,neutral
sample tweet 8460,negative
sample tweet 8461,neutral
sample tweet 8462,negative
sample tweet 8463,negative
sample tweet 8464,negative
sample tweet 8465,positive
sample tweet 8466,positive
sample tweet 8467,negative
sample tweet 8468,neutral
sample tweet 8469,negative
sample tweet 8470,negative
sample tweet 8471,neutral
sample tweet 8472,positive
sample tweet 8473,positive
sample tweet 8474,neutral
sample tweet 8475,positive
sample tweet 8476,positive
sample tweet 8477,positive
sample tweet 8478,neutral
sample tweet 8479,positive
sample tweet 8480,neutral
sample tweet 8481,neutral
sample tweet 8482,positive
sample tweet 8483,neutral
sample tweet 8484,negative
sample tweet 8485,positive
sample tweet 8486,negative
sample tweet 8487,negative
sample tweet 8488,positive
sample tweet 8489,negative
sample tweet 8490,positive
sample tweet 8491,neutral
sample tweet 8492,negative
sample tweet 8493,negative
sample tweet 8494,negative
sample tweet 8495,neutral
sample tweet 8496,positive
sample tweet 8497,positive
sample tweet 8498,positive
sample tweet 8499,neutral
sample tweet 8500,neutral
sample tweet 8501,neutral
sample tweet 8502,positive
sample tweet 8503,negative
sample tweet 8504,positive
sample tweet 8505,negative
sample tweet 8506,neutral
sample tweet 8507,negative
sample tweet 8508,negative
sample tweet 8509,neutral
sample tweet 8510,positive
sample tweet 8511,positive
sample tweet 8512,neutral
sample tweet 8513,positive
sample tweet 8514,positive
sample tweet 8515,negative
sample tweet 8516,negative
sample tweet 8517,positive
sample tweet 8518,negative
sample tweet 8519,positive
sample tweet 8520,neutral
sample tweet 8521,positive
sample tweet 8522,positive
sample tweet 8523,negative
sample tweet 8524,negative
sample tweet 8525,negative
sample tweet 8526,positive
sample tweet 8527,positive
sample tweet 8528,positive
sample tweet 8529,negative
sample tweet 8530,negative
sample tweet 8531,neutral
sample tweet 8532,neutral
sample tweet 8533,neutral
sample tweet 8534,positive
sample tweet 8535,neutral
sample tweet 8536,neutral
sample tweet 8537,positive
sample tweet 8538,negative
sample tweet 8539,positive
sample tweet 8540,positive
sample tweet 8541,neutral
sample tweet 8542,positive
sample tweet 8543,neutral
sample tweet 8544,positive
sample tweet 8545,negative
sample tweet 8546,positive
sample tweet 8547,positive
sample tweet 8548,neutral
sample tweet 8549,neutral
sample tweet 8550,positive
sample tweet 8551,positive
sample tweet 8552,negative
sample tweet 8553,positive
sample tweet 8554,positive
sample tweet 8555,positive
sample tweet 8556,positive
sample tweet 8557,positive
sample tweet 8558,positive
sample tweet 8559,neutral
sample tweet 8560,neutral
sample tweet 8561,neutral
sample tweet 8562,positive
sample tweet 8563,negative
sample tweet 8564,positive
sample tweet 8565,neutral
sample tweet 8566,positive
sample tweet 8567,positive
sample tweet 8568,positive
sample tweet 8569,positive
sample tweet 8570,positive
sample tweet 8571,positive
sample tweet 8572,negative
sample tweet 8573,positive
sample tweet 8574,negative
sample tweet 8575,positive
sample tweet 8576,neutral
sample tweet 8577,positive
sample tweet 8578,negative
sample tweet 8579,neutral
sample tweet 8580,positive
sample tweet 8581,negative
sample tweet 8582,neutral
sample tweet 8583,positive
sample tweet 8584,negative
sample tweet 8585,neutral
sample tweet 8586,negative
sample tweet 8587,neutral
sample tweet 8588,positive
sample tweet 8589,neutral
sample tweet 8590,neutral
sample tweet 8591,negative
sample tweet 8592,negative
sample tweet 8593,negative
sample tweet 8594,negative
sample tweet 8595,positive
sample tweet 8596,neutral
sample tweet 8597,positive
sample tweet 8598,neutral
sample tweet 8599,positive
sample tweet 8600,positive
sample tweet 8601,positive
sample tweet 8602,negative
sample tweet 8603,positive
sample tweet 8604,positive
sample tweet 8605,neutral
sample tweet 8606,positive
sample tweet 8607,positive
sample tweet 8608,positive
sample tweet 8609,neutral
sample tweet 8610,negative
sample tweet 8611,positive
sample tweet 8612,negative
sample tweet 8613,neutral
sample tweet 8614,neutral
sample tweet 8615,positive
sample tweet 8616,positive
sample tweet 8617,neutral
sample tweet 8618,neutral
sample tweet 8619,neutral
sample tweet 8620,neutral
sample tweet 8621,neutral
sample tweet 8622,negative
sample tweet 8623,positive
sample tweet 8624,negative
sample tweet 8625,negative
sample tweet 8626,positive
sample tweet 8627,neutral
sample tweet 8628,positive
sample tweet 8629,positive
sample tweet 8630,positive
sample tweet 8631,positive
sample tweet 8632,negative
sample tweet 8633,positive
sample tweet 8634,neutral
sample tweet 8635,neutral
sample tweet 8636,neutral
sample tweet 8637,positive
sample tweet 8638,positive
sample tweet 8639,negative
sample tweet 8640,negative
sample tweet 8641,positive
sample tweet 8642,positive
sample tweet 8643,positive
sample tweet 8644,neutral
sample tweet 8645,positive
sample tweet 8646,negative
sample tweet 8647,neutral
sample tweet 8648,neutral
sample tweet 8649,negative
sample tweet 8650,negative
sample tweet 8651,positive
sample tweet 8652,neutral
sample tweet 8653,positive
sample tweet 8654,positive
sample tweet 8655,positive
sample tweet 8656,positive
sample tweet 8657,positive
sample tweet 8658,positive
sample tweet 8659,negative
sample tweet 8660,negative
sample tweet 8661,neutral
sample tweet 8662,positive
sample tweet 8663,positive
sample tweet 8664,positive
sample tweet 8665,neutral
sample tweet 8666,positive
sample tweet 8667,positive
sample tweet 8668,negative
sample tweet 8669,positive
sample tweet 8670,neutral
sample tweet 8671,positive
sample tweet 8672,positive
sample tweet 8673,positive
sample tweet 8674,positive
sample tweet 8675,negative
sample tweet 8676,positive
sample tweet 8677,positive
sample tweet 8678,negative
sample tweet 8679,negative
sample tweet 8680,neutral
sample tweet 8681,neutral
sample tweet 8682,neutral
sample tweet 8683,positive
sample tweet 8684,positive
sample tweet 8685,positive
sample tweet 8686,neutral
sample tweet 8687,negative
sample tweet 8688,positive
sample tweet 8689,neutral
sample tweet 8690,positive
sample tweet 8691,positive
sample tweet 8692,neutral
sample tweet 8693,neutral
sample tweet 8694,positive
sample tweet 8695,neutral
sample tweet 8696,negative
sample tweet 8697,neutral
sample tweet 8698,positive
sample tweet 8699,neutral
sample tweet 8700,neutral
sample tweet 8701,positive
sample tweet 8702,neutral
sample tweet 8703,positive
sample tweet 8704,positive
sample tweet 8705,positive
sample tweet 8706,positive
sample tweet 8707,positive
sample tweet 8708,negative
sample tweet 8709,positive
sample tweet 8710,negative
sample tweet 8711,neutral
sample tweet 8712,positive
sample tweet 8713,positive
sample tweet 8714,negative
sample tweet 8715,positive
sample tweet 8716,neutral
sample tweet 8717,positive
sample tweet 8718,positive
sample tweet 8719,positive
sample tweet 8720,negative
sample tweet 8721,positive
sample tweet 8722,neutral
sample tweet 8723,neutral
sample tweet 8724,negative
sample tweet 8725,positive
sample tweet 8726,positive
sample tweet 8727,negative
sample tweet 8728,neutral
sample tweet 8729,positive
sample tweet 8730,negative
sample tweet 8731,negative
sample tweet 8732,negative
sample tweet 8733,neutral
sample tweet 8734,positive
sample tweet 8735,neutral
sample tweet 8736,positive
sample tweet 8737,neutral
sample tweet 8738,neutral
sample tweet 8739,neutral
sample tweet 8740,negative
sample tweet 8741,neutral
sample tweet 8742,neutral
sample tweet 8743,positive
sample tweet 8744,negative
sample tweet 8745,negative
sample tweet 8746,neutral
sample tweet 8747,positive
sample tweet 8748,negative
sample tweet 8749,neutral
sample tweet 8750,neutral
sample tweet 8751,positive
sample tweet 8752,positive
sample tweet 8753,positive
sample tweet 8754,positive
sample tweet 8755,neutral
sample tweet 8756,positive
sample tweet 8757,neutral
sample tweet 8758,negative
sample tweet 8759,negative
sample tweet 8760,negative
sample tweet 8761,neutral
sample tweet 8762,negative
sample tweet 8763,positive
sample tweet 8764,positive
sample tweet 8765,neutral
sample tweet 8766,positive
sample tweet 8767,positive
sample tweet 8768,neutral
sample tweet 8769,negative
sample tweet 8770,negative
sample tweet 8771,positive
sample tweet 8772,positive
sample tweet 8773,neutral
sample tweet 8774,neutral
sample tweet 8775,positive
sample tweet 8776,positive
sample tweet 8777,positive
sample tweet 8778,negative
sample tweet 8779,positive
sample tweet 8780,positive
sample tweet 8781,positive
sample tweet 8782,neutral
sample tweet 8783,positive
sample tweet 8784,negative
sample tweet 8785,positive
sample tweet 8786,neutral
sample tweet 8787,neutral
sample tweet 8788,neutral
sample tweet 8789,positive
sample tweet 8790,positive
sample tweet 8791,negative
sample tweet 8792,positive
sample tweet 8793,neutral
sample tweet 8794,positive
sample tweet 8795,positive
sample tweet 8796,negative
sample tweet 8797,positive
sample tweet 8798,positive
sample tweet 8799,positive
sample tweet 8800,negative
sample tweet 8801,neutral
sample tweet 8802,negative
sample tweet 8803,negative
sample tweet 8804,neutral
sample tweet 8805,neutral
sample tweet 8806,negative
sample tweet 8807,neutral
sample tweet 8808,positive
sample tweet 8809,positive
sample tweet 8810,positive
sample tweet 8811,positive
sample tweet 8812,positive
sample tweet 8813,negative
sample tweet 8814,positive
sample tweet 8815,positive
sample tweet 8816,neutral
sample tweet 8817,neutral
sample tweet 8818,positive
sample tweet 8819,neutral
sample tweet 8820,negative
sample tweet 8821,neutral
sample tweet 8822,neutral
sample tweet 8823,positive
sample tweet 8824,neutral
sample tweet 8825,negative
sample tweet 8826,positive
sample tweet 8827,positive
sample tweet 8828,positive
sample tweet 8829,neutral
sample tweet 8830,neutral
sample tweet 8831,positive
sample tweet 8832,positive
sample tweet 8833,negative
sample tweet 8834,neutral
sample tweet 8835,positive
sample tweet 8836,negative
sample tweet 8837,positive
sample tweet 8838,positive
sample tweet 8839,positive
sample tweet 8840,negative
sample tweet 8841,neutral
sample tweet 8842,neutral
sample tweet 8843,negative
sample tweet 8844,neutral
sample tweet 8845,positive
sample tweet 8846,negative
sample tweet 8847,negative
sample tweet 8848,positive
sample tweet 8849,neutral
sample tweet 8850,negative
sample tweet 8851,positive
sample tweet 8852,positive
sample tweet 8853,positive
sample tweet 8854,positive
sample tweet 8855,positive
sample tweet 8856,negative
sample tweet 8857,positive
sample tweet 8858,neutral
sample tweet 8859,negative
sample tweet 8860,negative
sample tweet 8861,negative
sample tweet 8862,negative
sample tweet 8863,neutral
sample tweet 8864,negative
sample tweet 8865,positive
sample tweet 8866,negative
sample tweet 8867,neutral
sample tweet 8868,positive
sample tweet 8869,positive
sample tweet 8870,positive
sample tweet 8871,negative
sample tweet 8872,neutral
sample tweet 8873,positive
sample tweet 8874,negative
sample tweet 8875,negative
sample tweet 8876,negative
sample tweet 8877,positive
sample tweet 8878,neutral
sample tweet 8879,neutral
sample tweet 8880,positive
sample tweet 8881,neutral
sample tweet 8882,positive
sample tweet 8883,neutral
sample tweet 8884,positive
sample tweet 8885,positive
sample tweet 8886,negative
sample tweet 8887,positive
sample tweet 8888,neutral
sample tweet 8889,neutral
sample tweet 8890,positive
sample tweet 8891,neutral
sample tweet 8892,negative
sample tweet 8893,positive
sample tweet 8894,neutral
sample tweet 8895,positive
sample tweet 8896,positive
sample tweet 8897,negative
sample tweet 8898,positive
sample tweet 8899,neutral
sample tweet 8900,positive
sample tweet 8901,positive
sample tweet 8902,negative
sample tweet 8903,positive
sample tweet 8904,positive
sample tweet 8905,negative
sample tweet 8906,positive
sample tweet 8907,positive
sample tweet 8908,positive
sample tweet 8909,positive
sample tweet 8910,neutral
sample tweet 8911,negative
sample tweet 8912,positive
sample tweet 8913,negative
sample tweet 8914,positive
sample tweet 8915,positive
sample tweet 8916,positive
sample tweet 8917,positive
sample tweet 8918,negative
sample tweet 8919,negative
sample tweet 8920,positive
sample tweet 8921,positive
sample tweet 8922,negative
sample tweet 8923,negative
sample tweet 8924,neutral
sample tweet 8925,positive
sample tweet 8926,negative
sample tweet 8927,positive
sample tweet 8928,negative
sample tweet 8929,negative
sample tweet 8930,negative
sample tweet 8931,positive
sample tweet 8932,positive
sample tweet 8933,positive
sample tweet 8934,negative
sample tweet 8935,positive
sample tweet 8936,negative
sample tweet 8937,neutral
sample tweet 8938,positive
sample tweet 8939,positive
sample tweet 8940,neutral
sample tweet 8941,positive
sample tweet 8942,positive
sample tweet 8943,positive
sample tweet 8944,positive
sample tweet 8945,positive
sample tweet 8946,negative
sample tweet 8947,neutral
sample tweet 8948,negative
sample tweet 8949,neutral
sample tweet 8950,neutral
sample tweet 8951,neutral
sample tweet 8952,negative
sample tweet 8953,positive
sample tweet 8954,positive
sample tweet 8955,positive
sample tweet 8956,positive
sample tweet 8957,positive
sample tweet 8958,negative
sample tweet 8959,positive
sample tweet 8960,positive
sample tweet 8961,neutral
sample tweet 8962,positive
sample tweet 8963,positive
sample tweet 8964,negative
sample tweet 8965,positive
sample tweet 8966,positive
sample tweet 8967,positive
sample tweet 8968,positive
sample tweet 8969,positive
sample tweet 8970,positive
sample tweet 8971,negative
sample tweet 8972,negative
sample tweet 8973,positive
sample tweet 8974,positive
sample tweet 8975,negative
sample tweet 8976,positive
sample tweet 8977,positive
sample tweet 8978,neutral
sample tweet 8979,neutral
sample tweet 8980,positive
sample tweet 8981,positive
sample tweet 8982,positive
sample tweet 8983,negative
sample tweet 8984,negative
sample tweet 8985,neutral
sample tweet 8986,negative
sample tweet 8987,neutral
sample tweet 8988,positive
sample tweet 8989,negative
sample tweet 8990,positive
sample tweet 8991,positive
sample tweet 8992,negative
sample tweet 8993,neutral
sample tweet 8994,negative
sample tweet 8995,positive
sample tweet 8996,neutral
sample tweet 8997,positive
sample tweet 8998,positive
sample tweet 8999,positive
sample tweet 9000,positive
sample tweet 9001,positive
sample tweet 9002,neutral
sample tweet 9003,neutral
sample tweet 9004,negative
sample tweet 9005,negative
sample tweet 9006,positive
sample tweet 9007,positive
sample tweet 9008,positive
sample tweet 9009,neutral
sample tweet 9010,positive
sample tweet 9011,negative
sample tweet 9012,positive
sample tweet 9013,negative
sample tweet 9014,positive
sample tweet 9015,neutral
sample tweet 9016,positive
sample tweet 9017,positive
sample tweet 9018,negative
sample tweet 9019,neutral
sample tweet 9020,negative
sample tweet 9021,positive
sample tweet 9022,positive
sample tweet 9023,neutral
sample tweet 9024,positive
sample tweet 9025,positive
sample tweet 9026,positive
sample tweet 9027,positive
sample tweet 9028,negative
sample tweet 9029,positive
sample tweet 9030,negative
sample tweet 9031,positive
sample tweet 9032,negative
sample tweet 9033,positive
sample tweet 9034,positive
sample tweet 9035,positive
sample tweet 9036,positive
sample tweet 9037,neutral
sample tweet 9038,positive
sample tweet 9039,neutral
sample tweet 9040,positive
sample tweet 9041,positive
sample tweet 9042,neutral
sample tweet 9043,neutral
sample tweet 9044,positive
sample tweet 9045,positive
sample tweet 9046,neutral
sample tweet 9047,neutral
sample tweet 9048,positive
sample tweet 9049,positive
sample tweet 9050,positive
sample tweet 9051,neutral
sample tweet 9052,positive
sample tweet 9053,neutral
sample tweet 9054,neutral
sample tweet 9055,negative
sample tweet 9056,neutral
sample tweet 9057,positive
sample tweet 9058,positive
sample tweet 9059,positive
sample tweet 9060,negative
sample tweet 9061,positive
sample tweet 9062,positive
sample tweet 9063,neutral
sample tweet 9064,positive
sample tweet 9065,positive
sample tweet 9066,negative
sample tweet 9067,positive
sample tweet 9068,neutral
sample tweet 9069,positive
sample tweet 9070,positive
sample tweet 9071,neutral
sample tweet 9072,positive
sample tweet 9073,negative
sample tweet 9074,neutral
sample tweet 9075,neutral
sample tweet 9076,neutral
sample tweet 9077,positive
sample tweet 9078,positive
sample tweet 9079,neutral
sample tweet 9080,positive
sample tweet 9081,negative
sample tweet 9082,negative
sample tweet 9083,neutral
sample tweet 9084,positive
sample tweet 9085,neutral
sample tweet 9086,negative
sample tweet 9087,negative
sample tweet 9088,neutral
sample tweet 9089,negative
sample tweet 9090,positive
sample tweet 9091,positive
sample tweet 9092,positive
sample tweet 9093,neutral
sample tweet 9094,positive
sample tweet 9095,positive
sample tweet 9096,positive
sample tweet 9097,positive
sample tweet 9098,positive
sample tweet 9099,positive
sample tweet 9100,neutral
sample tweet 9101,neutral
sample tweet 9102,positive
sample tweet 9103,negative
sample tweet 9104,negative
sample tweet 9105,positive
sample tweet 9106,neutral
sample tweet 9107,neutral
sample tweet 9108,positive
sample tweet 9109,positive
sample tweet 9110,positive
sample tweet 9111,positive
sample tweet 9112,negative
sample tweet 9113,neutral
sample tweet 9114,negative
sample tweet 9115,neutral
sample tweet 9116,positive
sample tweet 9117,neutral
sample tweet 9118,positive
sample tweet 9119,neutral
sample tweet 9120,neutral
sample tweet 9121,positive
sample tweet 9122,neutral
sample tweet 9123,negative
sample tweet 9124,neutral
sample tweet 9125,positive
sample tweet 9126,positive
sample tweet 9127,neutral
sample tweet 9128,positive
sample tweet 9129,positive
sample tweet 9130,positive
sample tweet 9131,positive
sample tweet 9132,neutral
sample tweet 9133,positive
sample tweet 9134,positive
sample tweet 9135,negative
sample tweet 9136,neutral
sample tweet 9137,negative
sample tweet 9138,neutral
sample tweet 9139,neutral
sample tweet 9140,negative
sample tweet 9141,neutral
sample tweet 9142,positive
sample tweet 9143,positive
sample tweet 9144,negative
sample tweet 9145,negative
sample tweet 9146,positive
sample tweet 9147,negative
sample tweet 9148,neutral
sample tweet 9149,positive
sample tweet 9150,positive
sample tweet 9151,negative
sample tweet 9152,negative
sample tweet 9153,positive
sample tweet 9154,positive
sample tweet 9155,negative
sample tweet 9156,neutral
sample tweet 9157,neutral
sample tweet 9158,negative
sample tweet 9159,negative
sample tweet 9160,positive
sample tweet 9161,negative
sample tweet 9162,positive
sample tweet 9163,negative
sample tweet 9164,neutral
sample tweet 9165,neutral
sample tweet 9166,negative
sample tweet 9167,negative
sample tweet 9168,neutral
sample tweet 9169,positive
sample tweet 9170,negative
sample tweet 9171,positive
sample tweet 9172,neutral
sample tweet 9173,positive
sample tweet 9174,neutral
sample tweet 9175,neutral
sample tweet 9176,neutral
sample tweet 9177,neutral
sample tweet 9178,positive
sample tweet 9179,neutral
sample tweet 9180,neutral
sample tweet 9181,negative
sample tweet 9182,neutral
sample tweet 9183,neutral
sample tweet 9184,neutral
sample tweet 9185,neutral
sample tweet 9186,negative
sample tweet 9187,positive
sample tweet 9188,positive
sample tweet 9189,negative
sample tweet 9190,positive
sample tweet 9191,negative
sample tweet 9192,neutral
sample tweet 9193,negative
sample tweet 9194,neutral
sample tweet 9195,positive
sample tweet 9196,positive
sample tweet 9197,neutral
sample tweet 9198,positive
sample tweet 9199,neutral
sample tweet 9200,neutral
sample tweet 9201,positive
sample tweet 9202,neutral
sample tweet 9203,positive
sample tweet 9204,positive
sample tweet 9205,positive
sample tweet 9206,positive
sample tweet 9207,positive
sample tweet 9208,positive
sample tweet 9209,negative
sample tweet 9210,positive
sample tweet 9211,positive
sample tweet 9212,neutral
sample tweet 9213,positive
sample tweet 9214,positive
sample tweet 9215,positive
sample tweet 9216,positive
sample tweet 9217,positive
sample tweet 9218,negative
sample tweet 9219,positive
sample tweet 9220,neutral
sample tweet 9221,neutral
sample tweet 9222,positive
sample tweet 9223,neutral
sample tweet 9224,neutral
sample tweet 9225,neutral
sample tweet 9226,positive
sample tweet 9227,positive
sample tweet 9228,positive
sample tweet 9229,negative
sample tweet 9230,neutral
sample tweet 9231,neutral
sample tweet 9232,negative
sample tweet 9233,positive
sample tweet 9234,positive
sample tweet 9235,positive
sample tweet 9236,positive
sample tweet 9237,positive
sample tweet 9238,positive
sample tweet 9239,negative
sample tweet 9240,neutral
sample tweet 9241,neutral
sample tweet 9242,negative
sample tweet 9243,positive
sample tweet 9244,negative
sample tweet 9245,positive
sample tweet 9246,positive
sample tweet 9247,positive
sample tweet 9248,neutral
sample tweet 9249,positive
sample tweet 9250,negative
sample tweet 9251,positive
sample tweet 9252,negative
sample tweet 9253,positive
sample tweet 9254,neutral
sample tweet 9255,neutral
sample tweet 9256,positive
sample tweet 9257,positive
sample tweet 9258,positive
sample tweet 9259,negative
sample tweet 9260,neutral
sample tweet 9261,negative
sample tweet 9262,positive
sample tweet 9263,positive
sample tweet 9264,neutral
sample tweet 9265,neutral
sample tweet 9266,negative
sample tweet 9267,negative
sample tweet 9268,negative
sample tweet 9269,negative
sample tweet 9270,neutral
sample tweet 9271,negative
sample tweet 9272,positive
sample tweet 9273,positive
sample tweet 9274,positive
sample tweet 9275,positive
sample tweet 9276,negative
sample tweet 9277,positive
sample tweet 9278,positive
sample tweet 9279,negative
sample tweet 9280,neutral
sample tweet 9281,neutral
sample tweet 9282,positive
sample tweet 9283,neutral
sample tweet 9284,positive
sample tweet 9285,positive
sample tweet 9286,neutral
sample tweet 9287,neutral
sample tweet 9288,positive
sample tweet 9289,positive
sample tweet 9290,neutral
sample tweet 9291,positive
sample tweet 9292,neutral
sample tweet 9293,positive
sample tweet 9294,positive
sample tweet 9295,negative
sample tweet 9296,negative
sample tweet 9297,positive
sample tweet 9298,positive
sample tweet 9299,positive
sample tweet 9300,neutral
sample tweet 9301,positive
sample tweet 9302,positive
sample tweet 9303,positive
sample tweet 9304,negative
sample tweet 9305,neutral
sample tweet 9306,positive
sample tweet 9307,positive
sample tweet 9308,neutral
sample tweet 9309,positive
sample tweet 9310,positive
sample tweet 9311,neutral
sample tweet 9312,negative
sample tweet 9313,negative
sample tweet 9314,positive
sample tweet 9315,neutral
sample tweet 9316,positive
sample tweet 9317,positive
sample tweet 9318,negative
sample tweet 9319,negative
sample tweet 9320,neutral
sample tweet 9321,neutral
sample tweet 9322,positive
sample tweet 9323,positive
sample tweet 9324,positive
sample tweet 9325,positive
sample tweet 9326,neutral
sample tweet 9327,positive
sample tweet 9328,neutral
sample tweet 9329,neutral
sample tweet 9330,positive
sample tweet 9331,positive
sample tweet 9332,positive
sample tweet 9333,neutral
sample tweet 9334,positive
sample tweet 9335,positive
sample tweet 9336,negative
sample tweet 9337,positive
sample tweet 9338,positive
sample tweet 9339,negative
sample tweet 9340,positive
sample tweet 9341,positive
sample tweet 9342,positive
sample tweet 9343,positive
sample tweet 9344,positive
sample tweet 9345,negative
sample tweet 9346,negative
sample tweet 9347,positive
sample tweet 9348,positive
sample tweet 9349,neutral
sample tweet 9350,neutral
sample tweet 9351,positive
sample tweet 9352,negative
sample tweet 9353,positive
sample tweet 9354,positive
sample tweet 9355,positive
sample tweet 9356,neutral
sample tweet 9357,negative
sample tweet 9358,neutral
sample tweet 9359,neutral
sample tweet 9360,positive
sample tweet 9361,positive
sample tweet 9362,neutral
sample tweet 9363,positive
sample tweet 9364,neutral
sample tweet 9365,neutral
sample tweet 9366,positive
sample tweet 9367,positive
sample tweet 9368,negative
sample tweet 9369,positive
sample tweet 9370,negative
sample tweet 9371,positive
sample tweet 9372,neutral
sample tweet 9373,negative
sample tweet 9374,positive
sample tweet 9375,positive
sample tweet 9376,positive
sample tweet 9377,negative
sample tweet 9378,neutral
sample tweet 9379,neutral
sample tweet 9380,negative
sample tweet 9381,positive
sample tweet 9382,positive
sample tweet 9383,positive
sample tweet 9384,positive
sample tweet 9385,negative
sample tweet 9386,negative
sample tweet 9387,negative
sample tweet 9388,positive
sample tweet 9389,positive
sample tweet 9390,negative
sample tweet 9391,positive
sample tweet 9392,negative
sample tweet 9393,positive
sample tweet 9394,neutral
sample tweet 9395,neutral
sample tweet 9396,positive
sample tweet 9397,neutral
sample tweet 9398,neutral
sample tweet 9399,positive
sample tweet 9400,neutral
sample tweet 9401,negative
sample tweet 9402,positive
sample tweet 9403,positive
sample tweet 9404,neutral
sample tweet 9405,negative
sample tweet 9406,negative
sample tweet 9407,positive
sample tweet 9408,positive
sample tweet 9409,positive
sample tweet 9410,negative
sample tweet 9411,positive
sample tweet 9412,negative
sample tweet 9413,positive
sample tweet 9414,neutral
sample tweet 9415,positive
sample tweet 9416,positive
sample tweet 9417,negative
sample tweet 9418,positive
sample tweet 9419,positive
sample tweet 9420,neutral
sample tweet 9421,negative
sample tweet 9422,neutral
sample tweet 9423,neutral
sample tweet 9424,neutral
sample tweet 9425,negative
sample tweet 9426,positive
sample tweet 9427,negative
sample tweet 9428,positive
sample tweet 9429,positive
sample tweet 9430,positive
sample tweet 9431,positive
sample tweet 9432,positive
sample tweet 9433,positive
sample tweet 9434,positive
sample tweet 9435,negative
sample tweet 9436,neutral
sample tweet 9437,positive
sample tweet 9438,negative
sample tweet 9439,positive
sample tweet 9440,negative
sample tweet 9441,positive
sample tweet 9442,negative
sample tweet 9443,negative
sample tweet 9444,positive
sample tweet 9445,positive
sample tweet 9446,neutral
sample tweet 9447,negative
sample tweet 9448,neutral
sample tweet 9449,negative
sample tweet 9450,positive
sample tweet 9451,neutral
sample tweet 9452,negative
sample tweet 9453,positive
sample tweet 9454,positive
sample tweet 9455,neutral
sample tweet 9456,neutral
sample tweet 9457,neutral
sample tweet 9458,negative
sample tweet 9459,negative
sample tweet 9460,neutral
sample tweet 9461,positive
sample tweet 9462,neutral
sample tweet 9463,positive
sample tweet 9464,neutral
sample tweet 9465,positive
sample tweet 9466,negative
sample tweet 9467,negative
sample tweet 9468,negative
sample tweet 9469,neutral
sample tweet 9470,positive
sample tweet 9471,positive
sample tweet 9472,neutral
sample tweet 9473,positive
sample tweet 9474,neutral
sample tweet 9475,positive
sample tweet 9476,positive
sample tweet 9477,positive
sample tweet 9478,negative
sample tweet 9479,positive
sample tweet 9480,negative
sample tweet 9481,positive
sample tweet 9482,positive
sample tweet 9483,positive
sample tweet 9484,negative
sample tweet 9485,positive
sample tweet 9486,positive
sample tweet 9487,positive
sample tweet 9488,negative
sample tweet 9489,positive
sample tweet 9490,positive
sample tweet 9491,positive
sample tweet 9492,neutral
sample tweet 9493,negative
sample tweet 9494,negative
sample tweet 9495,negative
sample tweet 9496,neutral
sample tweet 9497,positive
sample tweet 9498,negative
sample tweet 9499,neutral
sample tweet 9500,positive
sample tweet 9501,positive
sample tweet 9502,neutral
sample tweet 9503,negative
sample tweet 9504,positive
sample tweet 9505,neutral
sample tweet 9506,negative
sample tweet 9507,negative
sample tweet 9508,positive
sample tweet 9509,neutral
sample tweet 9510,positive
sample tweet 9511,positive
sample tweet 9512,positive
sample tweet 9513,positive
sample tweet 9514,neutral
sample tweet 9515,negative
sample tweet 9516,positive
sample tweet 9517,positive
sample tweet 9518,neutral
sample tweet 9519,neutral
sample tweet 9520,positive
sample tweet 9521,positive
sample tweet 9522,negative
sample tweet 9523,positive
sample tweet 9524,positive
sample tweet 9525,negative
sample tweet 9526,positive
sample tweet 9527,positive
sample tweet 9528,positive
sample tweet 9529,negative
sample tweet 9530,neutral
sample tweet 9531,positive
sample tweet 9532,neutral
sample tweet 9533,neutral
sample tweet 9534,positive
sample tweet 9535,neutral
sample tweet 9536,neutral
sample tweet 9537,negative
sample tweet 9538,neutral
sample tweet 9539,negative
sample tweet 9540,positive
sample tweet 9541,negative
sample tweet 9542,neutral
sample tweet 9543,positive
sample tweet 9544,neutral
sample tweet 9545,positive
sample tweet 9546,positive
sample tweet 9547,positive
sample tweet 9548,neutral
sample tweet 9549,neutral
sample tweet 9550,positive
sample tweet 9551,negative
sample tweet 9552,negative
sample tweet 9553,positive
sample tweet 9554,positive
sample tweet 9555,negative
sample tweet 9556,negative
sample tweet 9557,positive
sample tweet 9558,positive
sample tweet 9559,neutral
sample tweet 9560,positive
sample tweet 9561,negative
sample tweet 9562,negative
sample tweet 9563,positive
sample tweet 9564,positive
sample tweet 9565,positive
sample tweet 9566,positive
sample tweet 9567,positive
sample tweet 9568,positive
sample tweet 9569,positive
sample tweet 9570,negative
sample tweet 9571,positive
sample tweet 9572,positive
sample tweet 9573,positive
sample tweet 9574,positive
sample tweet 9575,neutral
sample tweet 9576,positive
sample tweet 9577,negative
sample tweet 9578,positive
sample tweet 9579,neutral
sample tweet 9580,positive
sample tweet 9581,positive
sample tweet 9582,negative
sample tweet 9583,positive
sample tweet 9584,positive
sample tweet 9585,negative
sample tweet 9586,positive
sample tweet 9587,negative
sample tweet 9588,positive
sample tweet 9589,positive
sample tweet 9590,positive
sample tweet 9591,positive
sample tweet 9592,positive
sample tweet 9593,negative
sample tweet 9594,negative
sample tweet 9595,positive
sample tweet 9596,positive
sample tweet 9597,positive
sample tweet 9598,neutral
sample tweet 9599,positive
sample tweet 9600,positive
sample tweet 9601,negative
sample tweet 9602,positive
sample tweet 9603,positive
sample tweet 9604,neutral
sample tweet 9605,positive
sample tweet 9606,positive
sample tweet 9607,positive
sample tweet 9608,positive
sample tweet 9609,positive
sample tweet 9610,negative
sample tweet 9611,neutral
sample tweet 9612,neutral
sample tweet 9613,positive
sample tweet 9614,positive
sample tweet 9615,neutral
sample tweet 9616,neutral
sample tweet 9617,negative
sample tweet 9618,positive
sample tweet 9619,positive
sample tweet 9620,positive
sample tweet 9621,positive
sample tweet 9622,negative
sample tweet 9623,positive
sample tweet 9624,negative
sample tweet 9625,negative
sample tweet 9626,positive
sample tweet 9627,positive
sample tweet 9628,negative
sample tweet 9629,positive
sample tweet 9630,positive
sample tweet 9631,negative
sample tweet 9632,neutral
sample tweet 9633,neutral
sample tweet 9634,neutral
sample tweet 9635,positive
sample tweet 9636,neutral
sample tweet 9637,positive
sample tweet 9638,positive
sample tweet 9639,neutral
sample tweet 9640,positive
sample tweet 9641,positive
sample tweet 9642,positive
sample tweet 9643,negative
sample tweet 9644,neutral
sample tweet 9645,neutral
sample tweet 9646,positive
sample tweet 9647,positive
sample tweet 9648,positive
sample tweet 9649,neutral
sample tweet 9650,positive
sample tweet 9651,negative
sample tweet 9652,negative
sample tweet 9653,positive
sample tweet 9654,positive
sample tweet 9655,negative
sample tweet 9656,positive
sample tweet 9657,negative
sample tweet 9658,positive
sample tweet 9659,negative
sample tweet 9660,negative
sample tweet 9661,negative
sample tweet 9662,positive
sample tweet 9663,negative
sample tweet 9664,positive
sample tweet 9665,positive
sample tweet 9666,neutral
sample tweet 9667,negative
sample tweet 9668,neutral
sample tweet 9669,neutral
sample tweet 9670,negative
sample tweet 9671,positive
sample tweet 9672,neutral
sample tweet 9673,negative
sample tweet 9674,neutral
sample tweet 9675,negative
sample tweet 9676,neutral
sample tweet 9677,positive
sample tweet 9678,negative
sample tweet 9679,positive
sample tweet 9680,positive
sample tweet 9681,neutral
sample tweet 9682,positive
sample tweet 9683,positive
sample tweet 9684,negative
sample tweet 9685,neutral
sample tweet 9686,negative
sample tweet 9687,positive
sample tweet 9688,positive
sample tweet 9689,negative
sample tweet 9690,neutral
sample tweet 9691,positive
sample tweet 9692,negative
sample tweet 9693,neutral
sample tweet 9694,positive
sample tweet 9695,neutral
sample tweet 9696,positive
sample tweet 9697,positive
sample tweet 9698,positive
sample tweet 9699,negative
sample tweet 9700,positive
sample tweet 9701,positive
sample tweet 9702,neutral
sample tweet 9703,neutral
sample tweet 9704,negative
sample tweet 9705,positive
sample tweet 9706,negative
sample tweet 9707,positive
sample tweet 9708,neutral
sample tweet 9709,positive
sample tweet 9710,positive
sample tweet 9711,neutral
sample tweet 9712,negative
sample tweet 9713,positive
sample tweet 9714,neutral
sample tweet 9715,neutral
sample tweet 9716,neutral
sample tweet 9717,positive
sample tweet 9718,negative
sample tweet 9719,neutral
sample tweet 9720,positive
sample tweet 9721,negative
sample tweet 9722,positive
sample tweet 9723,negative
sample tweet 9724,neutral
sample tweet 9725,positive
sample tweet 9726,positive
sample tweet 9727,positive
sample tweet 9728,positive
sample tweet 9729,positive
sample tweet 9730,positive
sample tweet 9731,negative
sample tweet 9732,neutral
sample tweet 9733,negative
sample tweet 9734,negative
sample tweet 9735,neutral
sample tweet 9736,neutral
sample tweet 9737,neutral
sample tweet 9738,neutral
sample tweet 9739,negative
sample tweet 9740,positive
sample tweet 9741,positive
sample tweet 9742,negative
sample tweet 9743,neutral
sample tweet 9744,positive
sample tweet 9745,positive
sample tweet 9746,neutral
sample tweet 9747,neutral
sample tweet 9748,negative
sample tweet 9749,neutral
sample tweet 9750,positive
sample tweet 9751,neutral
sample tweet 9752,negative
sample tweet 9753,positive
sample tweet 9754,positive
sample tweet 9755,negative
sample tweet 9756,positive
sample tweet 9757,positive
sample tweet 9758,negative
sample tweet 9759,neutral
sample tweet 9760,positive
sample tweet 9761,positive
sample tweet 9762,positive
sample tweet 9763,positive
sample tweet 9764,positive
sample tweet 9765,positive
sample tweet 9766,positive
sample tweet 9767,positive
sample tweet 9768,neutral
sample tweet 9769,positive
sample tweet 9770,negative
sample tweet 9771,negative
sample tweet 9772,negative
sample tweet 9773,negative
sample tweet 9774,negative
sample tweet 9775,negative
sample tweet 9776,neutral
sample tweet 9777,neutral
sample tweet 9778,neutral
sample tweet 9779,positive
sample tweet 9780,positive
sample tweet 9781,positive
sample tweet 9782,positive
sample tweet 9783,positive
sample tweet 9784,positive
sample tweet 9785,neutral
sample tweet 9786,positive
sample tweet 9787,positive
sample tweet 9788,positive
sample tweet 9789,positive
sample tweet 9790,positive
sample tweet 9791,negative
sample tweet 9792,positive
sample tweet 9793,positive
sample tweet 9794,positive
sample tweet 9795,neutral
sample tweet 9796,positive
sample tweet 9797,neutral
sample tweet 9798,positive
sample tweet 9799,negative
sample tweet 9800,positive
sample tweet 9801,neutral
sample tweet 9802,positive
sample tweet 9803,positive
sample tweet 9804,negative
sample tweet 9805,negative
sample tweet 9806,positive
sample tweet 9807,neutral
sample tweet 9808,neutral
sample tweet 9809,neutral
sample tweet 9810,positive
sample tweet 9811,positive
sample tweet 9812,negative
sample tweet 9813,neutral
sample tweet 9814,positive
sample tweet 9815,positive
sample tweet 9816,positive
sample tweet 9817,negative
sample tweet 9818,neutral
sample tweet 9819,positive
sample tweet 9820,negative
sample tweet 9821,neutral
sample tweet 9822,neutral
sample tweet 9823,neutral
sample tweet 9824,negative
sample tweet 9825,negative
sample tweet 9826,neutral
sample tweet 9827,positive
sample tweet 9828,positive
sample tweet 9829,negative
sample tweet 9830,negative
sample tweet 9831,positive
sample tweet 9832,neutral
sample tweet 9833,negative
sample tweet 9834,positive
sample tweet 9835,positive
sample tweet 9836,negative
sample tweet 9837,neutral
sample tweet 9838,positive
sample tweet 9839,neutral
sample tweet 9840,positive
sample tweet 9841,positive
sample tweet 9842,negative
sample tweet 9843,positive
sample tweet 9844,neutral
sample tweet 9845,neutral
sample tweet 9846,negative
sample tweet 9847,positive
sample tweet 9848,negative
sample tweet 9849,positive
sample tweet 9850,positive
sample tweet 9851,positive
sample tweet 9852,negative
sample tweet 9853,positive
sample tweet 9854,negative
sample tweet 9855,neutral
sample tweet 9856,neutral
sample tweet 9857,positive
sample tweet 9858,positive
sample tweet 9859,negative
sample tweet 9860,positive
sample tweet 9861,positive
sample tweet 9862,negative
sample tweet 9863,positive
sample tweet 9864,positive
sample tweet 9865,neutral
sample tweet 9866,positive
sample tweet 9867,positive
sample tweet 9868,positive
sample tweet 9869,neutral
sample tweet 9870,positive
sample tweet 9871,positive
sample tweet 9872,positive
sample tweet 9873,neutral
sample tweet 9874,positive
sample tweet 9875,positive
sample tweet 9876,positive
sample tweet 9877,positive
sample tweet 9878,negative
sample tweet 9879,neutral
sample tweet 9880,positive
sample tweet 9881,positive
sample tweet 9882,positive
sample tweet 9883,negative
sample tweet 9884,positive
sample tweet 9885,neutral
sample tweet 9886,positive
sample tweet 9887,positive
sample tweet 9888,neutral
sample tweet 9889,negative
sample tweet 9890,neutral
sample tweet 9891,positive
sample tweet 9892,negative
sample tweet 9893,negative
sample tweet 9894,positive
sample tweet 9895,positive
sample tweet 9896,positive
sample tweet 9897,negative
sample tweet 9898,negative
sample tweet 9899,negative
sample tweet 9900,neutral
sample tweet 9901,positive
sample tweet 9902,positive
sample tweet 9903,neutral
sample tweet 9904,negative
sample tweet 9905,positive
sample tweet 9906,neutral
sample tweet 9907,positive
sample tweet 9908,negative
sample tweet 9909,positive
sample tweet 9910,negative
sample tweet 9911,neutral
sample tweet 9912,negative
sample tweet 9913,neutral
sample tweet 9914,positive
sample tweet 9915,neutral
sample tweet 9916,positive
sample tweet 9917,positive
sample tweet 9918,neutral
sample tweet 9919,negative
sample tweet 9920,neutral
sample tweet 9921,negative
sample tweet 9922,positive
sample tweet 9923,neutral
sample tweet 9924,negative
sample tweet 9925,negative
sample tweet 9926,neutral
sample tweet 9927,negative
sample tweet 9928,negative
sample tweet 9929,neutral
sample tweet 9930,neutral
sample tweet 9931,negative
sample tweet 9932,positive
sample tweet 9933,positive
sample tweet 9934,positive
sample tweet 9935,positive
sample tweet 9936,neutral
sample tweet 9937,positive
sample tweet 9938,negative
sample tweet 9939,negative
sample tweet 9940,negative
sample tweet 9941,neutral
sample tweet 9942,neutral
sample tweet 9943,positive
sample tweet 9944,positive
sample tweet 9945,negative
sample tweet 9946,negative
sample tweet 9947,negative
sample tweet 9948,neutral
sample tweet 9949,positive
sample tweet 9950,positive
sample tweet 9951,positive
sample tweet 9952,positive
sample tweet 9953,positive
sample tweet 9954,negative
sample tweet 9955,negative
sample tweet 9956,negative
sample tweet 9957,negative
sample tweet 9958,neutral
sample tweet 9959,neutral
sample tweet 9960,neutral
sample tweet 9961,negative
sample tweet 9962,positive
sample tweet 9963,neutral
sample tweet 9964,neutral
sample tweet 9965,negative
sample tweet 9966,negative
sample tweet 9967,negative
sample tweet 9968,positive
sample tweet 9969,negative
sample tweet 9970,neutral
sample tweet 9971,positive
sample tweet 9972,positive
sample tweet 9973,positive
sample tweet 9974,positive
sample tweet 9975,positive
sample tweet 9976,negative
sample tweet 9977,negative
sample tweet 9978,positive
sample tweet 9979,positive
sample tweet 9980,neutral
sample tweet 9981,positive
sample tweet 9982,positive
sample tweet 9983,positive
sample tweet 9984,neutral
sample tweet 9985,neutral
sample tweet 9986,neutral
sample tweet 9987,negative
sample tweet 9988,negative
sample tweet 9989,neutral
sample tweet 9990,positive
sample tweet 9991,neutral
sample tweet 9992,positive
sample tweet 9993,negative
sample tweet 9994,negative
sample tweet 9995,negative
sample tweet 9996,neutral
sample tweet 9997,neutral
sample tweet 9998,positive
sample tweet 9999,neutral
